id,artist,date_live,doors_time,location,address,genres,status,new,url,buy_link,image,date_created
37677,Airbourne,2026-02-17,7:00 pm,Rockhal Club,"5 avenue du Rock'n'Roll, 4361 Esch/Alzette",Hard Rock,Sold Out,,https://www.atelier.lu/shows/airbourne-5/,https://apps.ticketmatic.com/widgets/atelier/flow/campaign?event=636517896512&ref=#!/addtickets,https://apps.ticketmatic.com/obj/filestore/prod/10328/events/14118/image.685906e03aed1.320.jpg,2026-02-17T13:33:10.454565+00:00
40123,Biffy Clyro,2026-02-19,7:00 pm,Rockhal,"5 avenue du Rock'n'Roll, L-4361 Esch/Alzette",Rock,Buy Now,,https://www.atelier.lu/shows/biffy-clyro-5/,https://apps.ticketmatic.com/widgets/atelier/flow/campaign?event=880091442300&ref=#!/addtickets,https://apps.ticketmatic.com/obj/filestore/prod/10328/events/14218/image.6881ec9364aa4.320.jpg,2026-02-17T13:33:10.454565+00:00
39145,Jason Derulo,2026-02-24,7:00 pm,Rockhal,"5 avenue du Rock'n'Roll, L-4361 Esch/Alzette",Pop; R&amp;B / Soul,Buy Now,,https://www.atelier.lu/shows/jason-derulo-2/,https://apps.ticketmatic.com/widgets/atelier/flow/campaign?event=190428345210&ref=#!/addtickets,https://apps.ticketmatic.com/obj/filestore/prod/10328/events/14178/image.6825d03fbb0ca.320.jpg,2026-02-17T13:33:10.454565+00:00
37510,Coeur de Pirate,2026-02-25,7:00 pm,den Atelier,"54 rue de Hollerich, 1740 Luxembourg",French; Singer-Songwriter,Buy Now,,https://www.atelier.lu/shows/coeur-de-pirate-4/,https://apps.ticketmatic.com/widgets/atelier/flow/campaign?event=110906565038&ref=#!/addtickets,https://apps.ticketmatic.com/obj/filestore/prod/10328/events/14113/image.67c5956061e12.320.jpg,2026-02-17T13:33:10.454565+00:00
39904,MIKA,2026-02-25,7:00 pm,Rockhal,"5 avenue du Rock'n'Roll, L-4361 Esch/Alzette",French; Pop,Buy Now,,https://www.atelier.lu/shows/mika-6/,https://apps.ticketmatic.com/widgets/atelier/flow/campaign?event=652476602464&ref=#!/addtickets,https://apps.ticketmatic.com/obj/filestore/prod/10328/events/14208/image.686b8928ab672.320.jpg,2026-02-17T13:33:10.454565+00:00
40011,David Byrne,2026-02-26,7:00 pm,Rockhal,"5 avenue du Rock'n'Roll, L-4361 Esch/Alzette",New Wave; Rock,Buy Now,,https://www.atelier.lu/shows/david-byrne/,https://apps.ticketmatic.com/widgets/atelier/flow/campaign?event=889367878755&ref=#!/addtickets,https://apps.ticketmatic.com/obj/filestore/prod/10328/events/14212/image.68750d11b9f8b.320.jpg,2026-02-17T13:33:10.454565+00:00
41317,Moulinex - Atelier Afterwork,2026-02-27,6:00 pm,den Atelier,"54 rue de Hollerich, 1740 Luxembourg",Party,Buy Now,,https://www.atelier.lu/shows/moulinex/,https://apps.ticketmatic.com/widgets/atelier/flow/campaign?event=123595280633&ref=#!/addtickets,https://apps.ticketmatic.com/obj/filestore/prod/10328/events/14300/image.69665505b83ee.320.jpg,2026-02-17T13:33:10.454565+00:00
40790,Sean Paul,2026-02-27,7:00 pm,Rockhal,"5 avenue du Rock'n'Roll, L-4361 Esch/Alzette",Reggae / Dancehall,Last tickets,,https://www.atelier.lu/shows/sean-paul-2/,https://apps.ticketmatic.com/widgets/atelier/flow/campaign?event=110453400492&ref=#!/addtickets,https://apps.ticketmatic.com/obj/filestore/prod/10328/events/14264/image.691c1746a043f.320.jpg,2026-02-17T13:33:10.454565+00:00
38927,The Divine Comedy,2026-02-28,6:30 pm,Philharmonie Luxembourg,"1 place de l’Europe, 1499 Luxembourg",Pop; Singer-Songwriter,Sold Out,,https://www.atelier.lu/shows/the-divine-comedy-2/,https://apps.ticketmatic.com/widgets/atelier/flow/campaign?event=649584834511&ref=#!/addtickets,https://apps.ticketmatic.com/obj/filestore/prod/10328/events/14172/image.6818712e8bcb1.320.jpg,2026-02-17T13:33:10.454565+00:00
38554,Lalou,2026-02-28,7:00 pm,den Atelier,"54 rue de Hollerich, 1740 Luxembourg",Comedy,Last tickets,,https://www.atelier.lu/shows/lalou-brt/,https://apps.ticketmatic.com/widgets/atelier/flow/campaign?event=418906587513&ref=#!/addtickets,https://apps.ticketmatic.com/obj/filestore/prod/10328/events/14164/image.6811ff5c3bda6.320.jpg,2026-02-17T13:33:10.454565+00:00
40345,PORTUGAL. THE MAN,2026-03-01,7:00 pm,den Atelier,"54 rue de Hollerich, 1740 Luxembourg",Alternative Rock; Indie,Postponed,,https://www.atelier.lu/shows/portugal-the-man-4/,https://apps.ticketmatic.com/widgets/atelier/flow/campaign?event=357503275315&ref=#!/addtickets,https://apps.ticketmatic.com/obj/filestore/prod/10328/events/14236/image.68d1027bc6a15.320.jpg,2026-02-17T13:33:10.454565+00:00
41321,Al Di Meola,2026-03-01,7:00 pm,Opderschmelz,"1a Rue du Centenaire, 3475 Dudelange",Jazz,Sold Out,,https://www.atelier.lu/shows/al-di-meola-2/,https://apps.ticketmatic.com/widgets/atelier/flow/campaign?event=164819523075&ref=#!/addtickets,https://apps.ticketmatic.com/obj/filestore/prod/10328/events/14301/image.69665bfe26f2a.320.jpg,2026-02-17T13:33:10.454565+00:00
41328,Al Di Meola,2026-03-02,7:00 pm,Opderschmelz,"1a Rue du Centenaire, 3475 Dudelange",Jazz,Buy Now,,https://www.atelier.lu/shows/al-di-meola-3/,https://apps.ticketmatic.com/widgets/atelier/flow/campaign?event=843162386604&ref=#!/addtickets,https://apps.ticketmatic.com/obj/filestore/prod/10328/events/14302/image.69666d1a93a6c.320.jpg,2026-02-17T13:33:10.454565+00:00
40622,Taïro,2026-03-04,7:00 pm,den Atelier,"54 rue de Hollerich, 1740 Luxembourg",Reggae / Dancehall,Buy Now,,https://www.atelier.lu/shows/tairo/,https://apps.ticketmatic.com/widgets/atelier/flow/campaign?event=431551837957&ref=#!/addtickets,https://apps.ticketmatic.com/obj/filestore/prod/10328/events/14254/image.68e7d22bf2b79.320.jpg,2026-02-17T13:33:10.454565+00:00
40331,OZARK HENRY,2026-03-05,7:00 pm,den Atelier,"54 rue de Hollerich, 1740 Luxembourg",Jazz; Pop,Buy Now,,https://www.atelier.lu/shows/ozark-henry-2/,https://apps.ticketmatic.com/widgets/atelier/flow/campaign?event=649311253188&ref=#!/addtickets,https://apps.ticketmatic.com/obj/filestore/prod/10328/events/14234/image.68e8baec8ab30.320.jpg,2026-02-17T13:33:10.454565+00:00
40765,Grandbrothers,2026-03-06,7:00 pm,den Atelier,"54 rue de Hollerich, 1740 Luxembourg",Electronica,Buy Now,,https://www.atelier.lu/shows/grandbrothers-3/,https://apps.ticketmatic.com/widgets/atelier/flow/campaign?event=300082567529&ref=#!/addtickets,https://apps.ticketmatic.com/obj/filestore/prod/10328/events/14262/image.68fb92416f9b6.320.jpg,2026-02-17T13:33:10.454565+00:00
39513,Grossstadtgeflüster,2026-03-07,7:00 pm,den Atelier,"54 rue de Hollerich, 1740 Luxembourg",Electro; Pop; Punk,Buy Now,,https://www.atelier.lu/shows/grossstadtgefluster/,https://apps.ticketmatic.com/widgets/atelier/flow/campaign?event=165014369941&ref=#!/addtickets,https://apps.ticketmatic.com/obj/filestore/prod/10328/events/14195/image.684ff4b7729c6.320.jpg,2026-02-17T13:33:10.454565+00:00
40542,Maro,2026-03-08,7:00 pm,den Atelier,"54 rue de Hollerich, 1740 Luxembourg",Singer-Songwriter,Buy Now,,https://www.atelier.lu/shows/maro/,https://apps.ticketmatic.com/widgets/atelier/flow/campaign?event=942733568341&ref=#!/addtickets,https://apps.ticketmatic.com/obj/filestore/prod/10328/events/14247/image.68ed078dbfe2a.320.jpg,2026-02-17T13:33:10.454565+00:00
40785,Tom Smith,2026-03-12,7:00 pm,den Atelier,"54 rue de Hollerich, 1740 Luxembourg",Alternative Rock; Singer-Songwriter,Sold Out,,https://www.atelier.lu/shows/tom-smith/,https://apps.ticketmatic.com/widgets/atelier/flow/campaign?event=407933224258&ref=#!/addtickets,https://apps.ticketmatic.com/obj/filestore/prod/10328/events/14263/image.6909ca5326f18.320.jpg,2026-02-17T13:33:10.454565+00:00
39269,Kraftklub,2026-03-13,7:00 pm,Rockhal,"5 avenue du Rock'n'Roll, L-4361 Esch/Alzette",Indie; Rock,Sold Out,,https://www.atelier.lu/shows/kraftklub-3/,https://apps.ticketmatic.com/widgets/atelier/flow/campaign?event=394493399429&ref=#!/addtickets,https://apps.ticketmatic.com/obj/filestore/prod/10328/events/14185/image.6838274a201e1.320.jpg,2026-02-17T13:33:10.454565+00:00
39386,Alice Merton,2026-03-14,7:00 pm,den Atelier,"54 rue de Hollerich, 1740 Luxembourg",Pop; Singer-Songwriter,Buy Now,,https://www.atelier.lu/shows/alice-merton/,https://apps.ticketmatic.com/widgets/atelier/flow/campaign?event=696769125769&ref=#!/addtickets,https://apps.ticketmatic.com/obj/filestore/prod/10328/events/14191/image.68419c252c00f.320.jpg,2026-02-17T13:33:10.454565+00:00
40282,Helge Schneider,2026-03-15,7:00 pm,den Atelier,"54 rue de Hollerich, 1740 Luxembourg",Jazz; Singer-Songwriter,Buy Now,,https://www.atelier.lu/shows/helge-schneider-4/,https://apps.ticketmatic.com/widgets/atelier/flow/campaign?event=161462381396&ref=#!/addtickets,https://apps.ticketmatic.com/obj/filestore/prod/10328/events/14223/image.68ad670add926.320.jpg,2026-02-17T13:33:10.454565+00:00
37922,Les Négresses Vertes,2026-03-19,7:00 pm,den Atelier,"54 rue de Hollerich, 1740 Luxembourg",Alternative Rock,Buy Now,,https://www.atelier.lu/shows/les-negresses-vertes/,https://apps.ticketmatic.com/widgets/atelier/flow/campaign?event=396299946726&ref=#!/addtickets,https://apps.ticketmatic.com/obj/filestore/prod/10328/events/14134/image.68de6875b68bf.320.jpg,2026-02-17T13:33:10.454565+00:00
40861,Ão,2026-03-19,8:30 pm,De Gudde Wëllen,"17 Rue du St Esprit, 1475 Luxembourg",Indie; Pop,Sold Out,,https://www.atelier.lu/shows/ao/,https://apps.ticketmatic.com/widgets/atelier/flow/campaign?event=774084699086&ref=#!/addtickets,https://apps.ticketmatic.com/obj/filestore/prod/10328/events/14269/image.690b08cd68034.320.jpg,2026-02-17T13:33:10.454565+00:00
40546,L.E.J,2026-03-20,7:00 pm,den Atelier,"54 rue de Hollerich, 1740 Luxembourg",French; Pop,Buy Now,,https://www.atelier.lu/shows/l-e-j/,https://apps.ticketmatic.com/widgets/atelier/flow/campaign?event=436558289503&ref=#!/addtickets,https://apps.ticketmatic.com/obj/filestore/prod/10328/events/14248/image.68e374ac46c68.320.jpg,2026-02-17T13:33:10.454565+00:00
39099,Hooverphonic,2026-03-21,7:00 pm,den Atelier,"54 rue de Hollerich, 1740 Luxembourg",Trip Hop,Sold Out,,https://www.atelier.lu/shows/hooverphonic-11/,https://apps.ticketmatic.com/widgets/atelier/flow/campaign?event=244149660140&ref=#!/addtickets,https://apps.ticketmatic.com/obj/filestore/prod/10328/events/14177/image.68234b26b8141.320.jpg,2026-02-17T13:33:10.454565+00:00
41031,CLAIR OBSCUR : EXPEDITION 33,2026-03-25,7:00 pm,Rockhal,"5 avenue du Rock'n'Roll, L-4361 Esch/Alzette",Immersive concert + orchestral performance,Waiting list,,https://www.atelier.lu/shows/lair-obscur-expedition-33/,https://apps.ticketmatic.com/widgets/atelier/flow/campaign?event=142968227796&ref=#!/addtickets,https://apps.ticketmatic.com/obj/filestore/prod/10328/events/14289/image.69258b4dcf6e1.320.jpg,2026-02-17T13:33:10.454565+00:00
40575,Charles Doré,2026-03-27,7:00 pm,den Atelier,"54 rue de Hollerich, 1740 Luxembourg",Chanson Française; Pop,Buy Now,,https://www.atelier.lu/shows/charles-dore/,https://apps.ticketmatic.com/widgets/atelier/flow/campaign?event=924630657773&ref=#!/addtickets,https://apps.ticketmatic.com/obj/filestore/prod/10328/events/14249/image.68e4c4aeed2c3.320.jpg,2026-02-17T13:33:10.454565+00:00
39981,Protoje,2026-03-28,7:00 pm,den Atelier,"54 rue de Hollerich, 1740 Luxembourg",Reggae / Dancehall,Buy Now,,https://www.atelier.lu/shows/protoje/,https://apps.ticketmatic.com/widgets/atelier/flow/campaign?event=344191137379&ref=#!/addtickets,https://apps.ticketmatic.com/obj/filestore/prod/10328/events/14210/image.686cdb0464456.320.jpg,2026-02-17T13:33:10.454565+00:00
40247,Sprints,2026-03-29,7:00 pm,den Atelier,"54 rue de Hollerich, 1740 Luxembourg",Punk,Buy Now,,https://www.atelier.lu/shows/sprints-2/,https://apps.ticketmatic.com/widgets/atelier/flow/campaign?event=261601125416&ref=#!/addtickets,https://apps.ticketmatic.com/obj/filestore/prod/10328/events/14220/image.689c4e2260a9d.320.jpg,2026-02-17T13:33:10.454565+00:00
40615,Poppy,2026-04-01,6:00 pm,den Atelier,"54 rue de Hollerich, 1740 Luxembourg",Pop; Rock,Buy Now,,https://www.atelier.lu/shows/poppy/,https://apps.ticketmatic.com/widgets/atelier/flow/campaign?event=582993166360&ref=#!/addtickets,https://apps.ticketmatic.com/obj/filestore/prod/10328/events/14252/image.68e79a29ea301.320.jpg,2026-02-17T13:33:10.454565+00:00
39666,Mobb Deep,2026-04-08,7:00 pm,den Atelier,"54 rue de Hollerich, 1740 Luxembourg",Hip Hop,Buy Now,,https://www.atelier.lu/shows/mobb-deep/,https://apps.ticketmatic.com/widgets/atelier/flow/campaign?event=275468857860&ref=#!/addtickets,https://apps.ticketmatic.com/obj/filestore/prod/10328/events/14205/image.685aac872f8bb.320.jpg,2026-02-17T13:33:10.454565+00:00
39439,Franz Ferdinand,2026-04-10,7:00 pm,Rockhal,"5 avenue du Rock'n'Roll, L-4361 Esch/Alzette",Alternative Rock; Indie,Buy Now,,https://www.atelier.lu/shows/franz-ferdinand-3/,https://apps.ticketmatic.com/widgets/atelier/flow/campaign?event=719150906915&ref=#!/addtickets,https://apps.ticketmatic.com/obj/filestore/prod/10328/events/14193/image.684fd1e4cef09.320.jpg,2026-02-17T13:33:10.454565+00:00
40254,Dirty Dancing,2026-04-10,7:00 pm,Trifolion Echternach,"2 Porte Sainte Willibrord, 6468 Echternach",Film,Buy Now,,https://www.atelier.lu/shows/dirty-dancing-3/,https://apps.ticketmatic.com/widgets/atelier/flow/campaign?event=661394586214&ref=#!/addtickets,https://apps.ticketmatic.com/obj/filestore/prod/10328/events/14222/image.68a2f212b9b5a.320.jpg,2026-02-17T13:33:10.454565+00:00
41398,Kiefer Sutherland,2026-04-14,7:00 pm,den Atelier,"54 rue de Hollerich, 1740 Luxembourg",Folk,Buy Now,,https://www.atelier.lu/shows/kiefer-sutherland/,https://apps.ticketmatic.com/widgets/atelier/flow/campaign?event=536578292638&ref=#!/addtickets,https://apps.ticketmatic.com/obj/filestore/prod/10328/events/14308/image.6970f6500a742.320.jpg,2026-02-17T13:33:10.454565+00:00
40456,Dekker,2026-04-23,7:00 pm,den Atelier,"54 rue de Hollerich, 1740 Luxembourg",Singer-Songwriter,Buy Now,,https://www.atelier.lu/shows/dekker/,https://apps.ticketmatic.com/widgets/atelier/flow/campaign?event=444118652327&ref=#!/addtickets,https://apps.ticketmatic.com/obj/filestore/prod/10328/events/14242/image.68ecad0a45892.320.jpg,2026-02-17T13:33:10.454565+00:00
41027,Bénabar,2026-04-24,7:00 pm,den Atelier,"54 rue de Hollerich, 1740 Luxembourg",Chanson Française; Singer-Songwriter,Buy Now,,https://www.atelier.lu/shows/benabar/,https://apps.ticketmatic.com/widgets/atelier/flow/campaign?event=166863442955&ref=#!/addtickets,https://apps.ticketmatic.com/obj/filestore/prod/10328/events/14288/image.69246986d4e47.320.jpg,2026-02-17T13:33:10.454565+00:00
40390,Alvaro Soler,2026-04-26,6:30 pm,GRIDX,"4-6 Rue des Trois Cantons, 3980 Wickrange-sur-Mess",Pop,Buy Now,,https://www.atelier.lu/shows/alvaro-soler-4/,https://apps.ticketmatic.com/widgets/atelier/flow/campaign?event=150878131902&ref=#!/addtickets,https://apps.ticketmatic.com/obj/filestore/prod/10328/events/14238/image.68c3f78fc1b88.320.jpg,2026-02-17T13:33:10.454565+00:00
40339,Jools Holland and his Rhythm & Blues Orchestra,2026-04-26,7:00 pm,Opderschmelz,"1a Rue du Centenaire, 3475 Dudelange",Blues Rock; Jazz,Buy Now,,https://www.atelier.lu/shows/jools-holland-and-his-rhythm-blues-orchestra/,https://apps.ticketmatic.com/widgets/atelier/flow/campaign?event=881878515868&ref=#!/addtickets,https://apps.ticketmatic.com/obj/filestore/prod/10328/events/14235/image.68b85f5db51bd.320.jpg,2026-02-17T13:33:10.454565+00:00
40322,Joe Bonamassa,2026-04-27,7:00 pm,Rockhal,"5 avenue du Rock'n'Roll, L-4361 Esch/Alzette",Blues Rock,Buy Now,,https://www.atelier.lu/shows/joe-bonamassa-5/,https://apps.ticketmatic.com/widgets/atelier/flow/campaign?event=256669235755&ref=#!/addtickets,https://apps.ticketmatic.com/obj/filestore/prod/10328/events/14233/image.68b6c5434c208.320.jpg,2026-02-17T13:33:10.454565+00:00
41062,Michael Patrick Kelly,2026-04-30,7:00 pm,Rockhal,"5 avenue du Rock'n'Roll, L-4361 Esch/Alzette",Pop,Buy Now,,https://www.atelier.lu/shows/michael-patrick-kelly-2/,https://apps.ticketmatic.com/widgets/atelier/flow/campaign?event=648745186931&ref=#!/addtickets,https://apps.ticketmatic.com/obj/filestore/prod/10328/events/14291/image.6931bc8fe2257.320.jpg,2026-02-17T13:33:10.454565+00:00
39352,Kasalla,2026-05-05,7:00 pm,den Atelier,"54 rue de Hollerich, 1740 Luxembourg",,Buy Now,,https://www.atelier.lu/shows/kasalla-3/,https://apps.ticketmatic.com/widgets/atelier/flow/campaign?event=282788886516&ref=#!/addtickets,https://apps.ticketmatic.com/obj/filestore/prod/10328/events/14188/image.683edac622fb3.320.jpg,2026-02-17T13:33:10.454565+00:00
39931,Sarah Connor,2026-05-07,7:00 pm,Rockhal,"5 avenue du Rock'n'Roll, L-4361 Esch/Alzette",Pop,Buy Now,,https://www.atelier.lu/shows/sarah-connor/,https://apps.ticketmatic.com/widgets/atelier/flow/campaign?event=852027619294&ref=#!/addtickets,https://apps.ticketmatic.com/obj/filestore/prod/10328/events/14209/image.686ccbe42ff02.320.jpg,2026-02-17T13:33:10.454565+00:00
40540,Sofia Isella,2026-05-08,7:00 pm,den Atelier,"54 rue de Hollerich, 1740 Luxembourg",Singer-Songwriter,Buy Now,,https://www.atelier.lu/shows/sofia-isella/,https://apps.ticketmatic.com/widgets/atelier/flow/campaign?event=798777511708&ref=#!/addtickets,https://apps.ticketmatic.com/obj/filestore/prod/10328/events/14246/image.68de75d7324a4.320.jpg,2026-02-17T13:33:10.454565+00:00
41441,Jalen Ngonda,2026-05-12,7:00 pm,den Atelier,"54 rue de Hollerich, 1740 Luxembourg",R&amp;B / Soul,Buy Now,,https://www.atelier.lu/shows/jalen-ngonda/,https://apps.ticketmatic.com/widgets/atelier/flow/campaign?event=918758629409&ref=#!/addtickets,https://apps.ticketmatic.com/obj/filestore/prod/10328/events/14312/image.6978e18d75239.320.jpg,2026-02-17T13:33:10.454565+00:00
40302,Blue,2026-05-15,7:00 pm,den Atelier,"54 rue de Hollerich, 1740 Luxembourg",Pop,Sold Out,,https://www.atelier.lu/shows/blue/,https://apps.ticketmatic.com/widgets/atelier/flow/campaign?event=306581473209&ref=#!/addtickets,https://apps.ticketmatic.com/obj/filestore/prod/10328/events/14224/image.68b974e439dba.320.jpg,2026-02-17T13:33:10.454565+00:00
40956,Dermot Kennedy,2026-05-20,7:00 pm,Rockhal,"5 avenue du Rock'n'Roll, L-4361 Esch/Alzette",Pop; Singer-Songwriter,Buy Now,,https://www.atelier.lu/shows/dermot-kennedy-2/,https://apps.ticketmatic.com/widgets/atelier/flow/campaign?event=342772318189&ref=#!/addtickets,https://apps.ticketmatic.com/obj/filestore/prod/10328/events/14282/image.691ee2403b38d.320.jpg,2026-02-17T13:33:10.454565+00:00
41085,Rodrigo y Gabriela - 20th Anniversary Tour,2026-05-20,7:00 pm,den Atelier,"54 rue de Hollerich, 1740 Luxembourg",Rock,Buy Now,,https://www.atelier.lu/shows/rodrigo-y-gabriela-20th-anniversary-tour/,https://apps.ticketmatic.com/widgets/atelier/flow/campaign?event=194292849978&ref=#!/addtickets,https://apps.ticketmatic.com/obj/filestore/prod/10328/events/14266/image.69316c841c3f8.320.jpg,2026-02-17T13:33:10.454565+00:00
35597,Beth Hart,2026-05-26,7:00 pm,Rockhal,"5 avenue du Rock'n'Roll, L-4361 Esch/Alzette",Blues Rock,Buy Now,,https://www.atelier.lu/shows/beth-hart-2/,https://apps.ticketmatic.com/widgets/atelier/flow/campaign?event=606327463667&ref=#!/addtickets,https://apps.ticketmatic.com/obj/filestore/prod/10328/events/14028/image.66e1b4efeb0ad.320.jpg,2026-02-17T13:33:10.454565+00:00
40873,Antony Szmierek,2026-05-28,8:00 pm,Rotondes,"Place des Rotondes, 2448 Luxembourg",Electronica; Spoken Word,Buy Now,,https://www.atelier.lu/shows/antony-szmierek/,https://apps.ticketmatic.com/widgets/atelier/flow/campaign?event=103985311213&ref=#!/addtickets,https://apps.ticketmatic.com/obj/filestore/prod/10328/events/14271/image.690b808f61e54.320.jpg,2026-02-17T13:33:10.454565+00:00
41342,XZIBIT (US) feat. Furnace Band,2026-06-02,7:00 pm,den Atelier,"54 rue de Hollerich, 1740 Luxembourg",Hip Hop,Buy Now,,https://www.atelier.lu/shows/xzibit-3/,https://apps.ticketmatic.com/widgets/atelier/flow/campaign?event=381118636449&ref=#!/addtickets,https://apps.ticketmatic.com/obj/filestore/prod/10328/events/14303/image.6967654643fe4.320.jpg,2026-02-17T13:33:10.454565+00:00
41013,MEGADETH,2026-06-11,7:00 pm,Rockhal,"5 avenue du Rock'n'Roll, L-4361 Esch/Alzette",Metal,Buy Now,,https://www.atelier.lu/shows/megadeth-4/,https://apps.ticketmatic.com/widgets/atelier/flow/campaign?event=732948680221&ref=#!/addtickets,https://apps.ticketmatic.com/obj/filestore/prod/10328/events/14285/image.6925d1f41a8ed.320.jpg,2026-02-17T13:33:10.454565+00:00
40477,Ethel Cain,2026-06-13,7:00 pm,den Atelier,"54 rue de Hollerich, 1740 Luxembourg",Alternative Rock; Indie,Buy Now,,https://www.atelier.lu/shows/ethel-cain/,https://apps.ticketmatic.com/widgets/atelier/flow/campaign?event=254900824797&ref=#!/addtickets,https://apps.ticketmatic.com/obj/filestore/prod/10328/events/14241/image.68d652e679715.320.jpg,2026-02-17T13:33:10.454565+00:00
40251,Big Thief,2026-06-18,7:00 pm,den Atelier,"54 rue de Hollerich, 1740 Luxembourg",Folk; Indie,Buy Now,,https://www.atelier.lu/shows/big-thief/,https://apps.ticketmatic.com/widgets/atelier/flow/campaign?event=669470676290&ref=#!/addtickets,https://apps.ticketmatic.com/obj/filestore/prod/10328/events/14221/image.68b6e5ef7d1c4.320.jpg,2026-02-17T13:33:10.454565+00:00
41016,ANTHRAX,2026-06-21,7:00 pm,den Atelier,"54 rue de Hollerich, 1740 Luxembourg",Metal,Buy Now,,https://www.atelier.lu/shows/anthrax-3/,https://apps.ticketmatic.com/widgets/atelier/flow/campaign?event=438625273970&ref=#!/addtickets,https://apps.ticketmatic.com/obj/filestore/prod/10328/events/14286/image.69241c84de67a.320.jpg,2026-02-17T13:33:10.454565+00:00
41347,Rise Against,2026-06-23,7:00 pm,den Atelier,"54 rue de Hollerich, 1740 Luxembourg",Metal; Punk; Rock,Waiting list,,https://www.atelier.lu/shows/rise-against-6/,https://apps.ticketmatic.com/widgets/atelier/flow/campaign?event=517894426146&ref=#!/addtickets,https://apps.ticketmatic.com/obj/filestore/prod/10328/events/14304/image.697795cba7ab1.320.jpg,2026-02-17T13:33:10.454565+00:00
41106,Absolut Bartreng,2026-06-27,3:00 pm,Shared Space Bartreng,"Shared Space, 8058 Bertrange",Festival,Buy Now,,https://www.atelier.lu/shows/absolut-bartreng-5/,https://apps.ticketmatic.com/widgets/atelier/flow/campaign?event=559861366807&ref=#!/addtickets,https://apps.ticketmatic.com/obj/filestore/prod/10328/events/14292/image.693fccd70c53b.320.jpg,2026-02-17T13:33:10.454565+00:00
40820,Chris Isaak,2026-06-30,7:00 pm,den Atelier,"54 rue de Hollerich, 1740 Luxembourg",Blues Rock,Buy Now,,https://www.atelier.lu/shows/chris-isaak-3/,https://apps.ticketmatic.com/widgets/atelier/flow/campaign?event=718725691029&ref=#!/addtickets,https://apps.ticketmatic.com/obj/filestore/prod/10328/events/14267/image.69038a779049f.320.jpg,2026-02-17T13:33:10.454565+00:00
40894,The Offspring,2026-07-01,5:30 pm,Luxexpo Open-Air,"10 Circuit de La Foire Internationale, 1347 Luxembourg",Punk; Rock,Buy Now,,https://www.atelier.lu/shows/the-offspring-4/,https://apps.ticketmatic.com/widgets/atelier/flow/campaign?event=719887829431&ref=#!/addtickets,https://apps.ticketmatic.com/obj/filestore/prod/10328/events/14275/image.690cf16d6def1.320.jpg,2026-02-17T13:33:10.454565+00:00
39776,AnnenMayKantereit,2026-07-02,7:00 pm,Rockhal,"5 avenue du Rock'n'Roll, L-4361 Esch/Alzette",Pop,Sold Out,,https://www.atelier.lu/shows/annenmaykantereit-2/,https://apps.ticketmatic.com/widgets/atelier/flow/campaign?event=509440211866&ref=#!/addtickets,https://apps.ticketmatic.com/obj/filestore/prod/10328/events/14206/image.6861614612d22.320.jpg,2026-02-17T13:33:10.454565+00:00
40891,Dogstar,2026-07-02,7:00 pm,Festival de Wiltz,"1 rue du Chateau, 9516 Wiltz",Rock,Buy Now,,https://www.atelier.lu/shows/dogstar-2/,https://apps.ticketmatic.com/widgets/atelier/flow/campaign?event=848753823698&ref=#!/addtickets,https://apps.ticketmatic.com/obj/filestore/prod/10328/events/14274/image.690ced883cf4f.320.jpg,2026-02-17T13:33:10.454565+00:00
40903,Moby,2026-07-03,7:00 pm,neimënster,"28 rue Münster, 2160 Luxembourg",Electronica,Sold Out,,https://www.atelier.lu/shows/moby-6/,https://apps.ticketmatic.com/widgets/atelier/flow/campaign?event=688623820503&ref=#!/addtickets,https://apps.ticketmatic.com/obj/filestore/prod/10328/events/14277/image.690ded17958d0.320.jpg,2026-02-17T13:33:10.454565+00:00
40897,Gorillaz,2026-07-05,5:30 pm,Luxexpo Open-Air,"10 Circuit de La Foire Internationale, 1347 Luxembourg",Alternative Rock; Hip Hop,Buy Now,,https://www.atelier.lu/shows/gorillaz-3/,https://apps.ticketmatic.com/widgets/atelier/flow/campaign?event=683509397956&ref=#!/addtickets,https://apps.ticketmatic.com/obj/filestore/prod/10328/events/14276/image.690cf4d671089.320.jpg,2026-02-17T13:33:10.454565+00:00
40969,Robbie Williams,2026-07-06,5:30 pm,Luxexpo Open-Air,"10 Circuit de La Foire Internationale, 1347 Luxembourg",Pop,Buy Now,,https://www.atelier.lu/shows/robbie-williams-3/,https://apps.ticketmatic.com/widgets/atelier/flow/campaign?event=558870647932&ref=#!/addtickets,https://apps.ticketmatic.com/obj/filestore/prod/10328/events/14284/image.691c0c8ae93f5.320.jpg,2026-02-17T13:33:10.454565+00:00
40324,Jamiroquai,2026-07-07,5:30 pm,Luxexpo Open-Air,"10 Circuit de La Foire Internationale, 1347 Luxembourg",Funk; Jazz; R&amp;B / Soul,Buy Now,,https://www.atelier.lu/shows/jamiroquai-2/,https://apps.ticketmatic.com/widgets/atelier/flow/campaign?event=831293508468&ref=#!/addtickets,https://apps.ticketmatic.com/obj/filestore/prod/10328/events/14232/image.68c01017d0677.320.jpg,2026-02-17T13:33:10.454565+00:00
40926,Lenny Kravitz,2026-07-08,5:30 pm,Luxexpo Open-Air,"10 Circuit de La Foire Internationale, 1347 Luxembourg",Rock,Buy Now,,https://www.atelier.lu/shows/lenny-kravitz/,https://apps.ticketmatic.com/widgets/atelier/flow/campaign?event=157183896345&ref=#!/addtickets,https://apps.ticketmatic.com/obj/filestore/prod/10328/events/14281/image.6912d3e8846bb.320.jpg,2026-02-17T13:33:10.454565+00:00
40900,Zaz,2026-07-08,7:00 pm,neimënster,"28 rue Münster, 2160 Luxembourg",Chanson Française; Jazz,Buy Now,,https://www.atelier.lu/shows/zaz/,https://apps.ticketmatic.com/widgets/atelier/flow/campaign?event=317246302597&ref=#!/addtickets,https://apps.ticketmatic.com/obj/filestore/prod/10328/events/14272/image.690c7a3c9b45a.320.jpg,2026-02-17T13:33:10.454565+00:00
40870,Beirut,2026-07-09,7:00 pm,neimënster,"28 rue Münster, 2160 Luxembourg",Folk; Indie,Buy Now,,https://www.atelier.lu/shows/beirut/,https://apps.ticketmatic.com/widgets/atelier/flow/campaign?event=343139417389&ref=#!/addtickets,https://apps.ticketmatic.com/obj/filestore/prod/10328/events/14270/image.691c2a832b97b.320.jpg,2026-02-17T13:33:10.454565+00:00
40394,Clueso,2026-07-12,7:00 pm,neimënster,"28 rue Münster, 2160 Luxembourg",Pop; Singer-Songwriter,Buy Now,,https://www.atelier.lu/shows/clueso-6/,https://apps.ticketmatic.com/widgets/atelier/flow/campaign?event=565414740362&ref=#!/addtickets,https://apps.ticketmatic.com/obj/filestore/prod/10328/events/14239/image.68c4015a79e5e.320.jpg,2026-02-17T13:33:10.454565+00:00
40921,Katy Perry,2026-07-14,5:30 pm,Luxexpo Open-Air,"10 Circuit de La Foire Internationale, 1347 Luxembourg",Pop,Buy Now,,https://www.atelier.lu/shows/katy-perry-2/,https://apps.ticketmatic.com/widgets/atelier/flow/campaign?event=451976640897&ref=#!/addtickets,https://apps.ticketmatic.com/obj/filestore/prod/10328/events/14278/image.6912ceb470de8.320.jpg,2026-02-17T13:33:10.454565+00:00
41111,Jovanotti,2026-07-15,7:00 pm,neimënster,"28 rue Münster, 2160 Luxembourg",Hip Hop; Pop; Rock,Buy Now,,https://www.atelier.lu/shows/jovanotti-2/,https://apps.ticketmatic.com/widgets/atelier/flow/campaign?event=819944814248&ref=#!/addtickets,https://apps.ticketmatic.com/obj/filestore/prod/10328/events/14294/image.6936b624ea723.320.jpg,2026-02-17T13:33:10.454565+00:00
41475,Paul Kalkbrenner,2026-07-17,5:30 pm,Luxexpo Open-Air,"10 Circuit de La Foire Internationale, 1347 Luxembourg",Electronica,Buy Now,,https://www.atelier.lu/shows/paul-kalkbrenner-6/,https://apps.ticketmatic.com/widgets/atelier/flow/campaign?event=365419831961&ref=#!/addtickets,https://apps.ticketmatic.com/obj/filestore/prod/10328/events/14314/image.697b78c470353.320.jpg,2026-02-17T13:33:10.454565+00:00
38157,Beatsteaks,2026-08-13,7:00 pm,den Atelier,"54 rue de Hollerich, 1740 Luxembourg",Alternative Rock; Punk,Sold Out,,https://www.atelier.lu/shows/beatsteaks-3/,https://apps.ticketmatic.com/widgets/atelier/flow/campaign?event=415363392382&ref=#!/addtickets,https://apps.ticketmatic.com/obj/filestore/prod/10328/events/14147/image.6808e32837136.320.jpg,2026-02-17T13:33:10.454565+00:00
38905,Lorde,2026-09-01,7:00 pm,Rockhal,"5 avenue du Rock'n'Roll, L-4361 Esch/Alzette",Pop,Buy Now,,https://www.atelier.lu/shows/lorde/,https://apps.ticketmatic.com/widgets/atelier/flow/campaign?event=552120471647&ref=#!/addtickets,https://apps.ticketmatic.com/obj/filestore/prod/10328/events/14169/image.681c62f843911.320.jpg,2026-02-17T13:33:10.454565+00:00
40699,1986zig,2026-09-23,7:00 pm,den Atelier,"54 rue de Hollerich, 1740 Luxembourg",Pop,Buy Now,,https://www.atelier.lu/shows/1986zig/,https://apps.ticketmatic.com/widgets/atelier/flow/campaign?event=842615666252&ref=#!/addtickets,https://apps.ticketmatic.com/obj/filestore/prod/10328/events/14258/image.68f1fada082ab.320.jpg,2026-02-17T13:33:10.454565+00:00
41142,Sportfreunde Stiller,2026-10-07,7:00 pm,den Atelier,"54 rue de Hollerich, 1740 Luxembourg",Pop; Rock,Waiting list,,https://www.atelier.lu/shows/sportfreunde-stiller/,https://apps.ticketmatic.com/widgets/atelier/flow/campaign?event=839880383710&ref=#!/addtickets,https://apps.ticketmatic.com/obj/filestore/prod/10328/events/14299/image.6942c2847d404.320.jpg,2026-02-17T13:33:10.454565+00:00
40603,Lake Street Dive,2026-10-14,7:00 pm,den Atelier,"54 rue de Hollerich, 1740 Luxembourg",Alternative Rock; Indie,Buy Now,,https://www.atelier.lu/shows/lake-street-dive/,https://apps.ticketmatic.com/widgets/atelier/flow/campaign?event=203518881501&ref=#!/addtickets,https://apps.ticketmatic.com/obj/filestore/prod/10328/events/14251/image.691c12ac2b10b.320.jpg,2026-02-17T13:33:10.454565+00:00
40466,Samu Haber,2026-10-15,7:00 pm,Rockhal,"5 avenue du Rock'n'Roll, L-4361 Esch/Alzette",Pop; Rock,Buy Now,,https://www.atelier.lu/shows/samu-haber-2/,https://apps.ticketmatic.com/widgets/atelier/flow/campaign?event=591051114978&ref=#!/addtickets,https://apps.ticketmatic.com/obj/filestore/prod/10328/events/14243/image.68ccff010c04a.320.jpg,2026-02-17T13:33:10.454565+00:00
33570,LOI,2026-10-18,7:00 pm,den Atelier,"54 rue de Hollerich, 1740 Luxembourg",Singer,Buy Now,,https://www.atelier.lu/shows/loi/,https://apps.ticketmatic.com/widgets/atelier/flow/campaign?event=255365271490&ref=#!/addtickets,https://apps.ticketmatic.com/obj/filestore/prod/10328/events/13981/image.679b8ae7e6c36.320.jpg,2026-02-17T13:33:10.454565+00:00
41020,Sofia Belabbes,2026-10-23,7:00 pm,Opderschmelz,"1a Rue du Centenaire, 3475 Dudelange",Comedy,Buy Now,,https://www.atelier.lu/shows/sofia-belabbes/,https://apps.ticketmatic.com/widgets/atelier/flow/campaign?event=161162110754&ref=#!/addtickets,https://apps.ticketmatic.com/obj/filestore/prod/10328/events/14287/image.69246375972f9.320.jpg,2026-02-17T13:33:10.454565+00:00
41603,Kneecap,2026-11-06,7:00 pm,Rockhal,"5 avenue du Rock'n'Roll, L-4361 Esch/Alzette",Hip Hop,On sale soon,,https://www.atelier.lu/shows/kneecap/,https://apps.ticketmatic.com/widgets/atelier/flow/campaign?event=301095220204&ref=#!/addtickets,https://apps.ticketmatic.com/obj/filestore/prod/10328/events/14315/image.698dbb3606683.320.jpg,2026-02-17T13:33:10.454565+00:00
40742,Heavysaurus,2026-11-15,1:00 pm,den Atelier,"54 rue de Hollerich, 1740 Luxembourg",Family Entertainment; Metal,Buy Now,,https://www.atelier.lu/shows/heavysaurus-3/,https://apps.ticketmatic.com/widgets/atelier/flow/campaign?event=184215632137&ref=#!/addtickets,https://apps.ticketmatic.com/obj/filestore/prod/10328/events/14260/image.68f8718261c60.320.jpg,2026-02-17T13:33:10.454565+00:00
40807,Martin Kohlstedt,2026-11-17,7:00 pm,Trifolion Echternach,"2 Porte Sainte Willibrord, 6468 Echternach",Electronica,Buy Now,,https://www.atelier.lu/shows/martin-kohlstedt-3/,https://apps.ticketmatic.com/widgets/atelier/flow/campaign?event=392756522663&ref=#!/addtickets,https://apps.ticketmatic.com/obj/filestore/prod/10328/events/14265/image.692ff91ee3b76.320.jpg,2026-02-17T13:33:10.454565+00:00
37983,Tokio Hotel,2026-11-18,7:00 pm,Rockhal,"5 avenue du Rock'n'Roll, L-4361 Esch/Alzette",Alternative Rock,Buy Now,,https://www.atelier.lu/shows/tokio-hotel/,https://apps.ticketmatic.com/widgets/atelier/flow/campaign?event=201581611506&ref=#!/addtickets,https://apps.ticketmatic.com/obj/filestore/prod/10328/events/14137/image.67d2f71f9a40f.320.jpg,2026-02-17T13:33:10.454565+00:00
40866,Joe Jackson + Band,2026-11-18,7:00 pm,den Atelier,"54 rue de Hollerich, 1740 Luxembourg",Pop; Rock,Buy Now,,https://www.atelier.lu/shows/joe-jackson-2/,https://apps.ticketmatic.com/widgets/atelier/flow/campaign?event=677415489308&ref=#!/addtickets,https://apps.ticketmatic.com/obj/filestore/prod/10328/events/14268/image.690b6684c1c1b.320.jpg,2026-02-17T13:33:10.454565+00:00
41042,Zebrahead,2026-11-19,7:00 pm,den Atelier,"54 rue de Hollerich, 1740 Luxembourg",Rock,Buy Now,,https://www.atelier.lu/shows/zebrahead/,https://apps.ticketmatic.com/widgets/atelier/flow/campaign?event=400872373196&ref=#!/addtickets,https://apps.ticketmatic.com/obj/filestore/prod/10328/events/14290/image.6925cf75ec38d.320.jpg,2026-02-17T13:33:10.454565+00:00
40919,The Witcher,2026-11-20,7:00 pm,Rockhal,"5 avenue du Rock'n'Roll, L-4361 Esch/Alzette",Immersive concert + orchestral performance,Buy Now,,https://www.atelier.lu/shows/the-witcher/,https://apps.ticketmatic.com/widgets/atelier/flow/campaign?event=989332873672&ref=#!/addtickets,https://apps.ticketmatic.com/obj/filestore/prod/10328/events/14279/image.691c0ff0bb54f.320.jpg,2026-02-17T13:33:10.454565+00:00
40668,Beast in Black,2026-11-21,7:00 pm,Rockhal Club,"5 avenue du Rock'n'Roll, 4361 Esch/Alzette",Metal,Buy Now,,https://www.atelier.lu/shows/beast-in-black/,https://apps.ticketmatic.com/widgets/atelier/flow/campaign?event=524741888159&ref=#!/addtickets,https://apps.ticketmatic.com/obj/filestore/prod/10328/events/14255/image.68ee69a60f87a.320.jpg,2026-02-17T13:33:10.454565+00:00
41363,NeS,2026-11-21,7:00 pm,den Atelier,"54 rue de Hollerich, 1740 Luxembourg",Hip Hop,Buy Now,,https://www.atelier.lu/shows/nes/,https://apps.ticketmatic.com/widgets/atelier/flow/campaign?event=201464627039&ref=#!/addtickets,https://apps.ticketmatic.com/obj/filestore/prod/10328/events/14307/image.69690c01239ae.320.jpg,2026-02-17T13:33:10.454565+00:00
40923,Conni - Das Musical!,2026-11-22,2:00 pm,Opderschmelz,"1a Rue du Centenaire, 3475 Dudelange",Family Entertainment,Buy Now,,https://www.atelier.lu/shows/conni-das-musical/,https://apps.ticketmatic.com/widgets/atelier/flow/campaign?event=482167713306&ref=#!/addtickets,https://apps.ticketmatic.com/obj/filestore/prod/10328/events/14280/image.69123ac4441b7.320.jpg,2026-02-17T13:33:10.454565+00:00
41194,Lichterkinder,2026-11-29,2:00 pm,GRIDX,"4-6 Rue des Trois Cantons, 3980 Wickrange-sur-Mess",Family Entertainment,Buy Now,,https://www.atelier.lu/shows/lichterkinder-2/,https://apps.ticketmatic.com/widgets/atelier/flow/campaign?event=191882324198&ref=#!/addtickets,https://apps.ticketmatic.com/obj/filestore/prod/10328/events/14297/image.6942a444a2d1c.320.jpg,2026-02-17T13:33:10.454565+00:00
41433,Zimmer90,2026-11-30,7:00 pm,den Atelier,"54 rue de Hollerich, 1740 Luxembourg",Indie; Pop,Buy Now,,https://www.atelier.lu/shows/zimmer90-2/,https://apps.ticketmatic.com/widgets/atelier/flow/campaign?event=985963681876&ref=#!/addtickets,https://apps.ticketmatic.com/obj/filestore/prod/10328/events/14309/image.6978b7488fd97.320.jpg,2026-02-17T13:33:10.454565+00:00
41125,Philipp Poisel,2026-12-15,7:00 pm,Trifolion Echternach,"2 Porte Sainte Willibrord, 6468 Echternach",Singer-Songwriter,Sold Out,,https://www.atelier.lu/shows/philipp-poisel-3/,https://apps.ticketmatic.com/widgets/atelier/flow/campaign?event=801343121279&ref=#!/addtickets,https://apps.ticketmatic.com/obj/filestore/prod/10328/events/14296/image.6939954602fdd.320.jpg,2026-02-17T13:33:10.454565+00:00
40363,Das Lumpenpack,2027-02-27,7:00 pm,den Atelier,"54 rue de Hollerich, 1740 Luxembourg",Pop; Rock,Buy Now,,https://www.atelier.lu/shows/das-lumpenpack-2/,https://apps.ticketmatic.com/widgets/atelier/flow/campaign?event=592202327457&ref=#!/addtickets,https://apps.ticketmatic.com/obj/filestore/prod/10328/events/14237/image.68c0448314921.320.jpg,2026-02-17T13:33:10.454565+00:00
41115,Jessé,2027-04-17,7:00 pm,Opderschmelz,"1a Rue du Centenaire, 3475 Dudelange",Comedy,Buy Now,,https://www.atelier.lu/shows/jesse-2/,https://apps.ticketmatic.com/widgets/atelier/flow/campaign?event=628722820338&ref=#!/addtickets,https://apps.ticketmatic.com/obj/filestore/prod/10328/events/14295/image.6937e59930267.320.jpg,2026-02-17T13:33:10.454565+00:00
41473,Ana Godefroy,2027-04-23,7:00 pm,Rockhal Club,"5 avenue du Rock'n'Roll, 4361 Esch/Alzette",Comedy,Buy Now,,https://www.atelier.lu/shows/ana-godefroy/,https://apps.ticketmatic.com/widgets/atelier/flow/campaign?event=819409373806&ref=#!/addtickets,https://apps.ticketmatic.com/obj/filestore/prod/10328/events/14313/image.6985b4ce0e5fb.320.jpg,2026-02-17T13:33:10.454565+00:00
41354,Cédric Salaun,2027-04-29,6:30 pm,den Atelier,"54 rue de Hollerich, 1740 Luxembourg",Comedy,Buy Now,,https://www.atelier.lu/shows/cedric-salaun/,https://apps.ticketmatic.com/widgets/atelier/flow/campaign?event=139657657268&ref=#!/addtickets,https://apps.ticketmatic.com/obj/filestore/prod/10328/events/14305/image.6968f29a8ce21.320.jpg,2026-02-17T13:33:10.454565+00:00
