id,artist,date_live,doors_time,location,address,genres,status,new,url,buy_link,image,price,date_created,track_id,track_id1
68666,DIRK MAASSEN,2026-02-22,20:00,Rockhal,"5, avenue du Rock, L-4361 Esch-sur-Alzette",Classical,buy-now,,https://rockhal.lu/shows/dirk-maassen/,https://apps.ticketmatic.com/widgets/rockhal/addtickets?event=11524,https://apps.ticketmatic.com/obj/filestore/prod/10491/events/11524/image.685275735bfd6.jpg,49.00 EUR,2026-02-17T13:34:07.137432+00:00,3375802161,3198234091
73261,LA DISPUTE,2026-02-23,19:00,Rockhal,"5, avenue du Rock, L-4361 Esch-sur-Alzette",Rock,buy-now,,https://rockhal.lu/shows/la-dispute/,https://apps.ticketmatic.com/widgets/rockhal/addtickets?event=11562,https://apps.ticketmatic.com/obj/filestore/prod/10491/events/11562/image.689c8acd2bec1.jpg,28.00 EUR,2026-02-17T13:34:07.137432+00:00,2188772857,2188772787
39145,Jason Derulo,2026-02-24,7:00 pm,Rockhal,"5 avenue du Rock'n'Roll, L-4361 Esch/Alzette",Pop; R&B / Soul,Buy Now,,https://www.atelier.lu/shows/jason-derulo-2/,https://apps.ticketmatic.com/widgets/atelier/flow/campaign?event=190428345210&ref=#!/addtickets,https://apps.ticketmatic.com/obj/filestore/prod/10328/events/14178/image.6825d03fbb0ca.320.jpg,78.50 EUR,2026-02-17T13:33:10.454565+00:00,5420471,100598482
37510,Coeur de Pirate,2026-02-25,7:00 pm,den Atelier,"54 rue de Hollerich, 1740 Luxembourg",French; Singer-Songwriter,Buy Now,,https://www.atelier.lu/shows/coeur-de-pirate-4/,https://apps.ticketmatic.com/widgets/atelier/flow/campaign?event=110906565038&ref=#!/addtickets,https://apps.ticketmatic.com/obj/filestore/prod/10328/events/14113/image.67c5956061e12.320.jpg,38.90 EUR,2026-02-17T13:33:10.454565+00:00,2517277181,2326175975
39904,MIKA,2026-02-25,7:00 pm,Rockhal,"5 avenue du Rock'n'Roll, L-4361 Esch/Alzette",French; Pop,Buy Now,,https://www.atelier.lu/shows/mika-6/,https://apps.ticketmatic.com/widgets/atelier/flow/campaign?event=652476602464&ref=#!/addtickets,https://apps.ticketmatic.com/obj/filestore/prod/10328/events/14208/image.686b8928ab672.320.jpg,Price Unavailable,2026-02-17T13:33:10.454565+00:00,60741780,953606
76084,AUPINARD,2026-02-26,20:00,Rockhal,"5, avenue du Rock, L-4361 Esch-sur-Alzette",Hip-Hop/Rap,buy-now,,https://rockhal.lu/shows/aupinard-2026/,https://apps.ticketmatic.com/widgets/rockhal/addtickets?event=11597,https://apps.ticketmatic.com/obj/filestore/prod/10491/events/11597/image.68cc198e97d4d.jpg,25.00 EUR,2026-02-17T13:34:07.137432+00:00,3640132372,3696196342
40011,David Byrne,2026-02-26,7:00 pm,Rockhal,"5 avenue du Rock'n'Roll, L-4361 Esch/Alzette",New Wave; Rock,Buy Now,,https://www.atelier.lu/shows/david-byrne/,https://apps.ticketmatic.com/widgets/atelier/flow/campaign?event=889367878755&ref=#!/addtickets,https://apps.ticketmatic.com/obj/filestore/prod/10328/events/14212/image.68750d11b9f8b.320.jpg,85.10 EUR,2026-02-17T13:33:10.454565+00:00,3622778352,3506576991
73263,BETWEEN THE BURIED AND ME,2026-02-27,19:30,Rockhal,"5, avenue du Rock, L-4361 Esch-sur-Alzette",Metal,buy-now,,https://rockhal.lu/shows/between-the-buried-and-me/,https://apps.ticketmatic.com/widgets/rockhal/addtickets?event=11559,https://apps.ticketmatic.com/obj/filestore/prod/10491/events/11559/image.6891c22fbdb27.jpg,31.00 EUR,2026-02-17T13:34:07.137432+00:00,3547183121,3389513911
40790,Sean Paul,2026-02-27,7:00 pm,Rockhal,"5 avenue du Rock'n'Roll, L-4361 Esch/Alzette",Reggae / Dancehall,Last tickets,,https://www.atelier.lu/shows/sean-paul-2/,https://apps.ticketmatic.com/widgets/atelier/flow/campaign?event=110453400492&ref=#!/addtickets,https://apps.ticketmatic.com/obj/filestore/prod/10328/events/14264/image.691c1746a043f.320.jpg,78.50 EUR,2026-02-17T13:33:10.454565+00:00,3957322,4162693
43271,D'JAL,2026-02-28,19:00,Rockhal,"5, avenue du Rock, L-4361 Esch-sur-Alzette",Comedy,buy-now,,https://rockhal.lu/shows/djal-2025/,https://apps.ticketmatic.com/widgets/rockhal/addtickets?event=11328,https://apps.ticketmatic.com/obj/filestore/prod/10491/events/11328/image.67613ed807edf.jpg,35.00 EUR,2026-02-17T13:34:07.137432+00:00,3544460971,2687660012
38554,Lalou,2026-02-28,7:00 pm,den Atelier,"54 rue de Hollerich, 1740 Luxembourg",Comedy,Last tickets,,https://www.atelier.lu/shows/lalou-brt/,https://apps.ticketmatic.com/widgets/atelier/flow/campaign?event=418906587513&ref=#!/addtickets,https://apps.ticketmatic.com/obj/filestore/prod/10328/events/14164/image.6811ff5c3bda6.320.jpg,35.60 EUR,2026-02-17T13:33:10.454565+00:00,3173280991,2000634397
89114,PLAY WITH COLORS,2026-02-28,10:15,Rocklab - The Lab,"5, avenue du Rock, L-4361 Esch-sur-Alzette",Family; Kids/Young Audience,buy-now,,https://rockhal.lu/shows/play-with-colors/,https://apps.ticketmatic.com/widgets/rockhal/addtickets?event=11693,https://apps.ticketmatic.com/obj/filestore/prod/10491/events/11693/image.697243643e3ff.jpg,8.00 EUR,2026-02-17T13:34:07.137432+00:00,,
38927,The Divine Comedy,2026-02-28,6:30 pm,Philharmonie Luxembourg,"1 place de l’Europe, 1499 Luxembourg",Pop; Singer-Songwriter,Sold Out,,https://www.atelier.lu/shows/the-divine-comedy-2/,https://apps.ticketmatic.com/widgets/atelier/flow/campaign?event=649584834511&ref=#!/addtickets,https://apps.ticketmatic.com/obj/filestore/prod/10328/events/14172/image.6818712e8bcb1.320.jpg,26.00 EUR,2026-02-17T13:33:10.454565+00:00,3438162031,3115425
41321,Al Di Meola,2026-03-01,7:00 pm,Opderschmelz,"1a Rue du Centenaire, 3475 Dudelange",Jazz,Sold Out,,https://www.atelier.lu/shows/al-di-meola-2/,https://apps.ticketmatic.com/widgets/atelier/flow/campaign?event=164819523075&ref=#!/addtickets,https://apps.ticketmatic.com/obj/filestore/prod/10328/events/14301/image.69665bfe26f2a.320.jpg,Price Unavailable,2026-02-17T13:33:10.454565+00:00,1031231,2599909
65685,OMNIUM GATHERUM + Fallujah + In Mourning,2026-03-01,19:00,Rockhal,"5, avenue du Rock, L-4361 Esch-sur-Alzette",Metal,buy-now,,https://rockhal.lu/shows/omnium-gatherum/,https://apps.ticketmatic.com/widgets/rockhal/addtickets?event=11498,https://apps.ticketmatic.com/obj/filestore/prod/10491/events/11498/image.6825ff3d81bba.jpg,27.00 EUR,2026-02-17T13:34:07.137432+00:00,,
60230,TONY CARREIRA,2026-03-01,15:00,Rockhal,"5, avenue du Rock, L-4361 Esch-sur-Alzette",Pop,buy-now,,https://rockhal.lu/shows/tony-carreira-2026/,https://apps.ticketmatic.com/widgets/rockhal/addtickets?event=11461,https://apps.ticketmatic.com/obj/filestore/prod/10491/events/11461/image.67ed4bf92cc45.jpg,45.00 EUR,2026-02-17T13:34:07.137432+00:00,1091896092,3418086591
41328,Al Di Meola,2026-03-02,7:00 pm,Opderschmelz,"1a Rue du Centenaire, 3475 Dudelange",Jazz,Buy Now,,https://www.atelier.lu/shows/al-di-meola-3/,https://apps.ticketmatic.com/widgets/atelier/flow/campaign?event=843162386604&ref=#!/addtickets,https://apps.ticketmatic.com/obj/filestore/prod/10328/events/14302/image.69666d1a93a6c.320.jpg,45.50 EUR,2026-02-17T13:33:10.454565+00:00,1031231,2599909
78848,THE CLASSIC ROCK SHOW,2026-03-02,19:00,Rockhal,"5, avenue du Rock, L-4361 Esch-sur-Alzette",Rock,buy-now,,https://rockhal.lu/shows/the-classic-rock-show-2026/,https://apps.ticketmatic.com/widgets/rockhal/addtickets?event=11616,https://apps.ticketmatic.com/obj/filestore/prod/10491/events/11616/image.68deaf5a2be59.jpg,35.00 EUR,2026-02-17T13:34:07.137432+00:00,,
40622,Taïro,2026-03-04,7:00 pm,den Atelier,"54 rue de Hollerich, 1740 Luxembourg",Reggae / Dancehall,Buy Now,,https://www.atelier.lu/shows/tairo/,https://apps.ticketmatic.com/widgets/atelier/flow/campaign?event=431551837957&ref=#!/addtickets,https://apps.ticketmatic.com/obj/filestore/prod/10328/events/14254/image.68e7d22bf2b79.320.jpg,38.90 EUR,2026-02-17T13:33:10.454565+00:00,1449437552,1449437502
40331,OZARK HENRY,2026-03-05,7:00 pm,den Atelier,"54 rue de Hollerich, 1740 Luxembourg",Jazz; Pop,Buy Now,,https://www.atelier.lu/shows/ozark-henry-2/,https://apps.ticketmatic.com/widgets/atelier/flow/campaign?event=649311253188&ref=#!/addtickets,https://apps.ticketmatic.com/obj/filestore/prod/10328/events/14234/image.68e8baec8ab30.320.jpg,43.30 EUR,2026-02-17T13:33:10.454565+00:00,1884540237,3274346861
79241,SUPERBUS,2026-03-05,20:00,Rockhal,"5, avenue du Rock, L-4361 Esch-sur-Alzette",French Pop,buy-now,,https://rockhal.lu/shows/superbus/,https://apps.ticketmatic.com/widgets/rockhal/addtickets?event=11618,https://apps.ticketmatic.com/obj/filestore/prod/10491/events/11618/image.68e61d098d3c9.jpg,34.00 EUR,2026-02-17T13:34:07.137432+00:00,3386759271,3198384621
40765,Grandbrothers,2026-03-06,7:00 pm,den Atelier,"54 rue de Hollerich, 1740 Luxembourg",Electronica,Buy Now,,https://www.atelier.lu/shows/grandbrothers-3/,https://apps.ticketmatic.com/widgets/atelier/flow/campaign?event=300082567529&ref=#!/addtickets,https://apps.ticketmatic.com/obj/filestore/prod/10328/events/14262/image.68fb92416f9b6.320.jpg,40.00 EUR,2026-02-17T13:33:10.454565+00:00,3665882992,2582855442
57012,THE WORLD OF HANS ZIMMER,2026-03-06,19:00,Rockhal,"5, avenue du Rock, L-4361 Esch-sur-Alzette",Entertainment,waiting-list,,https://rockhal.lu/shows/the-world-of-hans-zimmer/,https://apps.ticketmatic.com/widgets/rockhal/addtickets?event=11437,https://apps.ticketmatic.com/obj/filestore/prod/10491/events/11437/image.67e421b70a7d5.jpg,72.00 EUR,2026-02-17T13:34:07.137432+00:00,,
39513,Grossstadtgeflüster,2026-03-07,7:00 pm,den Atelier,"54 rue de Hollerich, 1740 Luxembourg",Electro; Pop; Punk,Buy Now,,https://www.atelier.lu/shows/grossstadtgefluster/,https://apps.ticketmatic.com/widgets/atelier/flow/campaign?event=165014369941&ref=#!/addtickets,https://apps.ticketmatic.com/obj/filestore/prod/10328/events/14195/image.684ff4b7729c6.320.jpg,45.50 EUR,2026-02-17T13:33:10.454565+00:00,3782845982,3764861542
79090,JOSH ISLAND,2026-03-07,20:00,Rockhal,"5, avenue du Rock, L-4361 Esch-sur-Alzette",Pop,buy-now,,https://rockhal.lu/shows/josh-island/,https://apps.ticketmatic.com/widgets/rockhal/addtickets?event=11617,https://apps.ticketmatic.com/obj/filestore/prod/10491/events/11617/image.68e29e0f79401.jpg,20.00 EUR,2026-02-17T13:34:07.137432+00:00,3353729921,3683661632
88297,THE WORLD OF HANS ZIMMER,2026-03-07,13:30,Rockhal,"5, avenue du Rock, L-4361 Esch-sur-Alzette",Entertainment,buy-now,,https://rockhal.lu/shows/the-world-of-hans-zimmer-matinee/,https://apps.ticketmatic.com/widgets/rockhal/addtickets?event=11689,https://apps.ticketmatic.com/obj/filestore/prod/10491/events/11689/image.6968ac88c6859.jpg,72.00 EUR,2026-02-17T13:34:07.137432+00:00,,
40542,Maro,2026-03-08,7:00 pm,den Atelier,"54 rue de Hollerich, 1740 Luxembourg",Singer-Songwriter,Buy Now,,https://www.atelier.lu/shows/maro/,https://apps.ticketmatic.com/widgets/atelier/flow/campaign?event=942733568341&ref=#!/addtickets,https://apps.ticketmatic.com/obj/filestore/prod/10328/events/14247/image.68ed078dbfe2a.320.jpg,36.70 EUR,2026-02-17T13:33:10.454565+00:00,3092383971,3597872152
72035,HEAVEN SHALL BURN + The Halo Effect + The Black Dahlia Murder + Frozen Soul,2026-03-11,17:30,Rockhal,"5, avenue du Rock, L-4361 Esch-sur-Alzette",Metal,buy-now,,https://rockhal.lu/shows/heaven-shall-burn/,https://apps.ticketmatic.com/widgets/rockhal/addtickets?event=11543,https://apps.ticketmatic.com/obj/filestore/prod/10491/events/11543/image.687fa20c435f6.jpg,63.00 EUR,2026-02-17T13:34:07.137432+00:00,,
69746,CARPENTER BRUT,2026-03-12,20:00,Rockhal,"5, avenue du Rock, L-4361 Esch-sur-Alzette",Electro/Clubbing,buy-now,,https://rockhal.lu/shows/carpenter-brut-2026/,https://apps.ticketmatic.com/widgets/rockhal/addtickets?event=11533,https://apps.ticketmatic.com/obj/filestore/prod/10491/events/11533/image.685ab5a4891f7.jpg,33.00 EUR,2026-02-17T13:34:07.137432+00:00,3689743052,375302091
40785,Tom Smith,2026-03-12,7:00 pm,den Atelier,"54 rue de Hollerich, 1740 Luxembourg",Alternative Rock; Singer-Songwriter,Last tickets,,https://www.atelier.lu/shows/tom-smith/,https://apps.ticketmatic.com/widgets/atelier/flow/campaign?event=407933224258&ref=#!/addtickets,https://apps.ticketmatic.com/obj/filestore/prod/10328/events/14263/image.6909ca5326f18.320.jpg,48.80 EUR,2026-02-17T13:33:10.454565+00:00,3434173831,3434173851
39269,Kraftklub,2026-03-13,7:00 pm,Rockhal,"5 avenue du Rock'n'Roll, L-4361 Esch/Alzette",Indie; Rock,Sold Out,,https://www.atelier.lu/shows/kraftklub-3/,https://apps.ticketmatic.com/widgets/atelier/flow/campaign?event=394493399429&ref=#!/addtickets,https://apps.ticketmatic.com/obj/filestore/prod/10328/events/14185/image.6838274a201e1.320.jpg,Price Unavailable,2026-02-17T13:33:10.454565+00:00,3551861321,3551861331
82729,LUXEMBOURG MUSIC VIDEO NIGHT 2026,2026-03-13,18:30,Ciné Utopia,"5, avenue du Rock, L-4361 Esch-sur-Alzette",Unknown,buy-now,,https://rockhal.lu/shows/luxembourg-music-video-night-2026/,https://www.luxfilmfest.lu/agenda/luxembourg-music-video-night-3/,https://apps.ticketmatic.com/obj/filestore/prod/10491/events/11636/image.6911fe6881f28.jpg,Price Unavailable,2026-02-17T13:34:07.137432+00:00,,
39386,Alice Merton,2026-03-14,7:00 pm,den Atelier,"54 rue de Hollerich, 1740 Luxembourg",Pop; Singer-Songwriter,Buy Now,,https://www.atelier.lu/shows/alice-merton/,https://apps.ticketmatic.com/widgets/atelier/flow/campaign?event=696769125769&ref=#!/addtickets,https://apps.ticketmatic.com/obj/filestore/prod/10328/events/14191/image.68419c252c00f.320.jpg,35.60 EUR,2026-02-17T13:33:10.454565+00:00,140182699,140182701
40282,Helge Schneider,2026-03-15,7:00 pm,den Atelier,"54 rue de Hollerich, 1740 Luxembourg",Jazz; Singer-Songwriter,Buy Now,,https://www.atelier.lu/shows/helge-schneider-4/,https://apps.ticketmatic.com/widgets/atelier/flow/campaign?event=161462381396&ref=#!/addtickets,https://apps.ticketmatic.com/obj/filestore/prod/10328/events/14223/image.68ad670add926.320.jpg,51.00 EUR,2026-02-17T13:33:10.454565+00:00,69405472,1720621277
70442,LEVI.SCT,2026-03-15,20:00,Rockhal,"5, avenue du Rock, L-4361 Esch-sur-Alzette",Classical,buy-now,,https://rockhal.lu/shows/levi-sct/,https://apps.ticketmatic.com/widgets/rockhal/addtickets?event=11537,https://apps.ticketmatic.com/obj/filestore/prod/10491/events/11537/image.68678777a6f70.jpg,49.00 EUR,2026-02-17T13:34:07.137432+00:00,2437376535,2783245272
86637,CAPITÃO FAUSTO,2026-03-17,19:30,Rockhal,"5, avenue du Rock, L-4361 Esch-sur-Alzette",Rock,buy-now,,https://rockhal.lu/shows/capitao-fausto/,https://apps.ticketmatic.com/widgets/rockhal/addtickets?event=11685,https://apps.ticketmatic.com/obj/filestore/prod/10491/events/11685/image.6945883ae320f.jpg,25.00 EUR,2026-02-17T13:34:07.137432+00:00,2698280712,2698280732
58774,DUB INC,2026-03-19,20:00,Rockhal,"5, avenue du Rock, L-4361 Esch-sur-Alzette",Pop,buy-now,,https://rockhal.lu/shows/dub-inc-2026/,https://apps.ticketmatic.com/widgets/rockhal/addtickets?event=11432,https://apps.ticketmatic.com/obj/filestore/prod/10491/events/11432/image.67e2c38b4c822.jpg,30.00 EUR,2026-02-17T13:34:07.137432+00:00,93916028,93916046
74884,GOOD NEIGHBOURS,2026-03-19,20:00,Rockhal,"5, avenue du Rock, L-4361 Esch-sur-Alzette",Pop,buy-now,,https://rockhal.lu/shows/the-good-neighbours/,https://apps.ticketmatic.com/widgets/rockhal/addtickets?event=11586,https://apps.ticketmatic.com/obj/filestore/prod/10491/events/11586/image.68baa0d87a761.jpg,29.00 EUR,2026-02-17T13:34:07.137432+00:00,3189524911,2622232942
37922,Les Négresses Vertes,2026-03-19,7:00 pm,den Atelier,"54 rue de Hollerich, 1740 Luxembourg",Alternative Rock,Buy Now,,https://www.atelier.lu/shows/les-negresses-vertes/,https://apps.ticketmatic.com/widgets/atelier/flow/campaign?event=396299946726&ref=#!/addtickets,https://apps.ticketmatic.com/obj/filestore/prod/10328/events/14134/image.68de6875b68bf.320.jpg,36.70 EUR,2026-02-17T13:33:10.454565+00:00,355628701,355615581
40861,Ão,2026-03-19,8:30 pm,De Gudde Wëllen,"17 Rue du St Esprit, 1475 Luxembourg",Indie; Pop,Last tickets,,https://www.atelier.lu/shows/ao/,https://apps.ticketmatic.com/widgets/atelier/flow/campaign?event=774084699086&ref=#!/addtickets,https://apps.ticketmatic.com/obj/filestore/prod/10328/events/14269/image.690b08cd68034.320.jpg,14.50 EUR,2026-02-17T13:33:10.454565+00:00,3604207892,3604207902
40546,L.E.J,2026-03-20,7:00 pm,den Atelier,"54 rue de Hollerich, 1740 Luxembourg",French; Pop,Buy Now,,https://www.atelier.lu/shows/l-e-j/,https://apps.ticketmatic.com/widgets/atelier/flow/campaign?event=436558289503&ref=#!/addtickets,https://apps.ticketmatic.com/obj/filestore/prod/10328/events/14248/image.68e374ac46c68.320.jpg,36.70 EUR,2026-02-17T13:33:10.454565+00:00,3751803362,3562144961
83578,DISIZ,2026-03-21,20:00,Rockhal,"5, avenue du Rock, L-4361 Esch-sur-Alzette",French Pop,waiting-list,,https://rockhal.lu/shows/disiz/,https://apps.ticketmatic.com/widgets/rockhal/addtickets?event=11646,https://apps.ticketmatic.com/obj/filestore/prod/10491/events/11646/image.691eea6442f19.jpg,33.00 EUR,2026-02-17T13:34:07.137432+00:00,3558373981,3660747302
39099,Hooverphonic,2026-03-21,7:00 pm,den Atelier,"54 rue de Hollerich, 1740 Luxembourg",Trip Hop,Sold Out,,https://www.atelier.lu/shows/hooverphonic-11/,https://apps.ticketmatic.com/widgets/atelier/flow/campaign?event=244149660140&ref=#!/addtickets,https://apps.ticketmatic.com/obj/filestore/prod/10328/events/14177/image.68234b26b8141.320.jpg,47.70 EUR,2026-02-17T13:33:10.454565+00:00,850423,61213994
66419,ANDY TIMMONS,2026-03-22,20:00,Rockhal,"5, avenue du Rock, L-4361 Esch-sur-Alzette",Rock,buy-now,,https://rockhal.lu/shows/andy-timmons/,https://apps.ticketmatic.com/widgets/rockhal/addtickets?event=11477,https://apps.ticketmatic.com/obj/filestore/prod/10491/events/11477/image.682dea173db71.jpg,32.00 EUR,2026-02-17T13:34:07.137432+00:00,109186640,3207982761
41031,CLAIR OBSCUR : EXPEDITION 33,2026-03-25,7:00 pm,Rockhal,"5 avenue du Rock'n'Roll, L-4361 Esch/Alzette",Immersive concert + orchestral performance,Waiting list,,https://www.atelier.lu/shows/lair-obscur-expedition-33/,https://apps.ticketmatic.com/widgets/atelier/flow/campaign?event=142968227796&ref=#!/addtickets,https://apps.ticketmatic.com/obj/filestore/prod/10328/events/14289/image.69258b4dcf6e1.320.jpg,37.80 EUR,2026-02-17T13:33:10.454565+00:00,3315246271,3315246251
85182,LUK. + LUC SPADA,2026-03-25,20:00,De Gudde Wëllen,"5, avenue du Rock, L-4361 Esch-sur-Alzette",Hip-Hop/Rap,buy-now,,https://rockhal.lu/shows/luk-luc-spada/,https://apps.ticketmatic.com/widgets/rockhal/addtickets?event=11670,https://apps.ticketmatic.com/obj/filestore/prod/10491/events/11670/image.6931afa641d81.jpg,7.00 EUR,2026-02-17T13:34:07.137432+00:00,3817636891,2308642345
40575,Charles Doré,2026-03-27,7:00 pm,den Atelier,"54 rue de Hollerich, 1740 Luxembourg",Chanson Française; Pop,Buy Now,,https://www.atelier.lu/shows/charles-dore/,https://apps.ticketmatic.com/widgets/atelier/flow/campaign?event=924630657773&ref=#!/addtickets,https://apps.ticketmatic.com/obj/filestore/prod/10328/events/14249/image.68e4c4aeed2c3.320.jpg,29.00 EUR,2026-02-17T13:33:10.454565+00:00,3546543301,3635892962
89907,DO YOU RAVE?,2026-03-28,23:00,Rockhal,"5, avenue du Rock, L-4361 Esch-sur-Alzette",Electro/Clubbing,buy-now,,https://rockhal.lu/shows/do-you-rave-march/,https://apps.ticketmatic.com/widgets/rockhal/addtickets?event=11701,https://apps.ticketmatic.com/obj/filestore/prod/10491/events/11701/image.697b86993c0ca.jpg,25.00 EUR,2026-02-17T13:34:07.137432+00:00,2456145305,
89118,MAACH MAT!,2026-03-28,10:15,Rocklab - The Lab,"5, avenue du Rock, L-4361 Esch-sur-Alzette",Family; Kids/Young Audience,buy-now,,https://rockhal.lu/shows/maach-mat/,https://apps.ticketmatic.com/widgets/rockhal/addtickets?event=11695,https://apps.ticketmatic.com/obj/filestore/prod/10491/events/11695/image.69724313852e7.jpg,8.00 EUR,2026-02-17T13:34:07.137432+00:00,4603408,4603398
39981,Protoje,2026-03-28,7:00 pm,den Atelier,"54 rue de Hollerich, 1740 Luxembourg",Reggae / Dancehall,Buy Now,,https://www.atelier.lu/shows/protoje/,https://apps.ticketmatic.com/widgets/atelier/flow/campaign?event=344191137379&ref=#!/addtickets,https://apps.ticketmatic.com/obj/filestore/prod/10328/events/14210/image.686cdb0464456.320.jpg,37.80 EUR,2026-02-17T13:33:10.454565+00:00,3365737181,26363701
63906,PAT PATROUILLE LE SPECTACLE !,2026-03-29,13:00,Rockhal,"5, avenue du Rock, L-4361 Esch-sur-Alzette",Family,buy-now,,https://rockhal.lu/shows/pat-patrouille-le-spectacle-6/,https://apps.ticketmatic.com/widgets/rockhal/addtickets?event=11482,https://apps.ticketmatic.com/obj/filestore/prod/10491/events/11482/image.686793b77316b.jpg,27.00 EUR,2026-02-17T13:34:07.137432+00:00,,
40247,Sprints,2026-03-29,7:00 pm,den Atelier,"54 rue de Hollerich, 1740 Luxembourg",Punk,Buy Now,,https://www.atelier.lu/shows/sprints-2/,https://apps.ticketmatic.com/widgets/atelier/flow/campaign?event=261601125416&ref=#!/addtickets,https://apps.ticketmatic.com/obj/filestore/prod/10328/events/14220/image.689c4e2260a9d.320.jpg,31.20 EUR,2026-02-17T13:33:10.454565+00:00,3725078372,2574166022
77756,KREATOR + Carcass + Exodus + Nails,2026-03-31,17:00,Rockhal,"5, avenue du Rock, L-4361 Esch-sur-Alzette",Metal,buy-now,,https://rockhal.lu/shows/kreator-2026/,https://apps.ticketmatic.com/widgets/rockhal/addtickets?event=11610,https://apps.ticketmatic.com/obj/filestore/prod/10491/events/11610/image.68d2e3cd636e8.jpg,63.00 EUR,2026-02-17T13:34:07.137432+00:00,,
40615,Poppy,2026-04-01,6:00 pm,den Atelier,"54 rue de Hollerich, 1740 Luxembourg",Pop; Rock,Last tickets,,https://www.atelier.lu/shows/poppy/,https://apps.ticketmatic.com/widgets/atelier/flow/campaign?event=582993166360&ref=#!/addtickets,https://apps.ticketmatic.com/obj/filestore/prod/10328/events/14252/image.68e79a29ea301.320.jpg,45.50 EUR,2026-02-17T13:33:10.454565+00:00,3541168831,3391988601
56726,JOSMAN,2026-04-03,19:00,Rockhal,"5, avenue du Rock, L-4361 Esch-sur-Alzette",Hip-Hop/Rap,buy-now,,https://rockhal.lu/shows/josman-2026/,https://apps.ticketmatic.com/widgets/rockhal/addtickets?event=11331,https://apps.ticketmatic.com/obj/filestore/prod/10491/events/11331/image.691b1fd9781c6.jpg,36.00 EUR,2026-02-17T13:34:07.137432+00:00,1684004267,2500843751
39666,Mobb Deep,2026-04-08,7:00 pm,den Atelier,"54 rue de Hollerich, 1740 Luxembourg",Hip Hop,Buy Now,,https://www.atelier.lu/shows/mobb-deep/,https://apps.ticketmatic.com/widgets/atelier/flow/campaign?event=275468857860&ref=#!/addtickets,https://apps.ticketmatic.com/obj/filestore/prod/10328/events/14205/image.685aac872f8bb.320.jpg,51.00 EUR,2026-02-17T13:33:10.454565+00:00,1044157,1044131
39439,Franz Ferdinand,2026-04-10,7:00 pm,Rockhal,"5 avenue du Rock'n'Roll, L-4361 Esch/Alzette",Alternative Rock; Indie,Buy Now,,https://www.atelier.lu/shows/franz-ferdinand-3/,https://apps.ticketmatic.com/widgets/atelier/flow/campaign?event=719150906915&ref=#!/addtickets,https://apps.ticketmatic.com/obj/filestore/prod/10328/events/14193/image.684fd1e4cef09.320.jpg,Price Unavailable,2026-02-17T13:33:10.454565+00:00,4315684,2939415221
85585,ZAMDANE,2026-04-11,20:00,Rockhal,"5, avenue du Rock, L-4361 Esch-sur-Alzette",Hip-Hop/Rap,buy-now,,https://rockhal.lu/shows/zamdane/,https://apps.ticketmatic.com/widgets/rockhal/addtickets?event=11673,https://apps.ticketmatic.com/obj/filestore/prod/10491/events/11673/image.6938010ba284b.jpg,30.00 EUR,2026-02-17T13:34:07.137432+00:00,3574546951,3373466521
54408,LE LAC DES CYGNES,2026-04-12,14:30,Rockhal,"5, avenue du Rock, L-4361 Esch-sur-Alzette",Entertainment,buy-now,,https://rockhal.lu/shows/le-lac-des-cygnes-2026/,https://apps.ticketmatic.com/widgets/rockhal/addtickets?event=11421,https://apps.ticketmatic.com/obj/filestore/prod/10491/events/11421/image.67bdd85eb2c82.jpg,51.00 EUR,2026-02-17T13:34:07.137432+00:00,,
41398,Kiefer Sutherland,2026-04-14,7:00 pm,den Atelier,"54 rue de Hollerich, 1740 Luxembourg",Folk,Buy Now,,https://www.atelier.lu/shows/kiefer-sutherland/,https://apps.ticketmatic.com/widgets/atelier/flow/campaign?event=536578292638&ref=#!/addtickets,https://apps.ticketmatic.com/obj/filestore/prod/10328/events/14308/image.6970f6500a742.320.jpg,48.80 EUR,2026-02-17T13:33:10.454565+00:00,3788336172,3802972162
72144,NEK,2026-04-14,20:00,Rockhal,"5, avenue du Rock, L-4361 Esch-sur-Alzette",Pop,buy-now,,https://rockhal.lu/shows/nek-2026/,https://apps.ticketmatic.com/widgets/rockhal/addtickets?event=11556,https://apps.ticketmatic.com/obj/filestore/prod/10491/events/11556/image.68822684be8bf.jpg,44.00 EUR,2026-02-17T13:34:07.137432+00:00,683846,811782
36611,ISE,2026-04-15,20:00,Rockhal,"5, avenue du Rock, L-4361 Esch-sur-Alzette",Pop,buy-now,,https://rockhal.lu/shows/ise/,https://apps.ticketmatic.com/widgets/rockhal/addtickets?event=11149,https://apps.ticketmatic.com/obj/filestore/prod/10491/events/11149/image.667bdaa58a30c.jpg,19.00 EUR,2026-02-17T13:34:07.137432+00:00,654839522,2843869922
85068,MOOFEST,2026-04-18,19:00,Rockhal,"5, avenue du Rock, L-4361 Esch-sur-Alzette",Rock,buy-now,,https://rockhal.lu/shows/moofest-2026/,https://apps.ticketmatic.com/widgets/rockhal/addtickets?event=11652,https://apps.ticketmatic.com/obj/filestore/prod/10491/events/11652/image.69779503c2af6.jpg,20.00 EUR,2026-02-17T13:34:07.137432+00:00,581923,96817066
74917,HAEVN,2026-04-19,19:30,Rockhal,"5, avenue du Rock, L-4361 Esch-sur-Alzette",Pop,buy-now,,https://rockhal.lu/shows/haevn-2026/,https://apps.ticketmatic.com/widgets/rockhal/addtickets?event=11587,https://apps.ticketmatic.com/obj/filestore/prod/10491/events/11587/image.68d12b3bba732.jpg,36.00 EUR,2026-02-17T13:34:07.137432+00:00,2814422652,2814422672
85184,CARISA DIAS + NAOMI AYÉ,2026-04-23,20:00,Rockhal,"5, avenue du Rock, L-4361 Esch-sur-Alzette",Pop,buy-now,,https://rockhal.lu/shows/carisa-dias-naomi-aye/,https://apps.ticketmatic.com/widgets/rockhal/addtickets?event=11668,https://apps.ticketmatic.com/obj/filestore/prod/10491/events/11668/image.6931af773f8e7.jpg,7.00 EUR,2026-02-17T13:34:07.137432+00:00,,
40456,Dekker,2026-04-23,7:00 pm,den Atelier,"54 rue de Hollerich, 1740 Luxembourg",Singer-Songwriter,Buy Now,,https://www.atelier.lu/shows/dekker/,https://apps.ticketmatic.com/widgets/atelier/flow/campaign?event=444118652327&ref=#!/addtickets,https://apps.ticketmatic.com/obj/filestore/prod/10328/events/14242/image.68ecad0a45892.320.jpg,34.65 EUR,2026-02-17T13:33:10.454565+00:00,3805275482,3807173142
41027,Bénabar,2026-04-24,7:00 pm,den Atelier,"54 rue de Hollerich, 1740 Luxembourg",Chanson Française; Singer-Songwriter,Buy Now,,https://www.atelier.lu/shows/benabar/,https://apps.ticketmatic.com/widgets/atelier/flow/campaign?event=166863442955&ref=#!/addtickets,https://apps.ticketmatic.com/obj/filestore/prod/10328/events/14288/image.69246986d4e47.320.jpg,48.80 EUR,2026-02-17T13:33:10.454565+00:00,583033,3755791782
85819,NEXT DEED,2026-04-25,20:00,Rockhal,"5, avenue du Rock, L-4361 Esch-sur-Alzette",Rock,buy-now,,https://rockhal.lu/shows/next-deed/,https://apps.ticketmatic.com/widgets/rockhal/addtickets?event=11674,https://apps.ticketmatic.com/obj/filestore/prod/10491/events/11674/image.693999ba1a182.jpg,10.00 EUR,2026-02-17T13:34:07.137432+00:00,2099986987,3038530101
40390,Alvaro Soler,2026-04-26,6:30 pm,GRIDX,"4-6 Rue des Trois Cantons, 3980 Wickrange-sur-Mess",Pop,Buy Now,,https://www.atelier.lu/shows/alvaro-soler-4/,https://apps.ticketmatic.com/widgets/atelier/flow/campaign?event=150878131902&ref=#!/addtickets,https://apps.ticketmatic.com/obj/filestore/prod/10328/events/14238/image.68c3f78fc1b88.320.jpg,53.35 EUR,2026-02-17T13:33:10.454565+00:00,1096588622,1096588662
40339,Jools Holland and his Rhythm & Blues Orchestra,2026-04-26,7:00 pm,Opderschmelz,"1a Rue du Centenaire, 3475 Dudelange",Blues Rock; Jazz,Buy Now,,https://www.atelier.lu/shows/jools-holland-and-his-rhythm-blues-orchestra/,https://apps.ticketmatic.com/widgets/atelier/flow/campaign?event=881878515868&ref=#!/addtickets,https://apps.ticketmatic.com/obj/filestore/prod/10328/events/14235/image.68b85f5db51bd.320.jpg,45.50 EUR,2026-02-17T13:33:10.454565+00:00,3029916881,2420477
40322,Joe Bonamassa,2026-04-27,7:00 pm,Rockhal,"5 avenue du Rock'n'Roll, L-4361 Esch/Alzette",Blues Rock,Buy Now,,https://www.atelier.lu/shows/joe-bonamassa-5/,https://apps.ticketmatic.com/widgets/atelier/flow/campaign?event=256669235755&ref=#!/addtickets,https://apps.ticketmatic.com/obj/filestore/prod/10328/events/14233/image.68b6c5434c208.320.jpg,62.00 EUR,2026-02-17T13:33:10.454565+00:00,7731922,59888631
41062,Michael Patrick Kelly,2026-04-30,7:00 pm,Rockhal,"5 avenue du Rock'n'Roll, L-4361 Esch/Alzette",Pop,Buy Now,,https://www.atelier.lu/shows/michael-patrick-kelly-2/,https://apps.ticketmatic.com/widgets/atelier/flow/campaign?event=648745186931&ref=#!/addtickets,https://apps.ticketmatic.com/obj/filestore/prod/10328/events/14291/image.6931bc8fe2257.320.jpg,58.85 EUR,2026-02-17T13:33:10.454565+00:00,1977980357,935958362
82814,MATTEO MANCUSO,2026-05-03,19:30,Rockhal,"5, avenue du Rock, L-4361 Esch-sur-Alzette",Rock,buy-now,,https://rockhal.lu/shows/matteo-mancuso-2026/,https://apps.ticketmatic.com/widgets/rockhal/addtickets?event=11629,https://apps.ticketmatic.com/obj/filestore/prod/10491/events/11629/image.69161263ed904.jpg,33.00 EUR,2026-02-17T13:34:07.137432+00:00,3728637832,2214125367
39352,Kasalla,2026-05-05,7:00 pm,den Atelier,"54 rue de Hollerich, 1740 Luxembourg",Unknown,Buy Now,,https://www.atelier.lu/shows/kasalla-3/,https://apps.ticketmatic.com/widgets/atelier/flow/campaign?event=282788886516&ref=#!/addtickets,https://apps.ticketmatic.com/obj/filestore/prod/10328/events/14188/image.683edac622fb3.320.jpg,45.13 EUR,2026-02-17T13:33:10.454565+00:00,94654714,89242801
82731,SCOTT BRADLEE'S POSTMODERN JUKEBOX,2026-05-05,19:30,Rockhal,"5, avenue du Rock, L-4361 Esch-sur-Alzette",Pop,buy-now,,https://rockhal.lu/shows/scott-bradlees-postmodern-jukebox-2/,https://apps.ticketmatic.com/widgets/rockhal/addtickets?event=11634,https://apps.ticketmatic.com/obj/filestore/prod/10491/events/11634/image.6914664d41134.jpg,36.00 EUR,2026-02-17T13:34:07.137432+00:00,133034462,889744612
39931,Sarah Connor,2026-05-07,7:00 pm,Rockhal,"5 avenue du Rock'n'Roll, L-4361 Esch/Alzette",Pop,Buy Now,,https://www.atelier.lu/shows/sarah-connor/,https://apps.ticketmatic.com/widgets/atelier/flow/campaign?event=852027619294&ref=#!/addtickets,https://apps.ticketmatic.com/obj/filestore/prod/10328/events/14209/image.686ccbe42ff02.320.jpg,86.75 EUR,2026-02-17T13:33:10.454565+00:00,98348314,3618299032
40540,Sofia Isella,2026-05-08,7:00 pm,den Atelier,"54 rue de Hollerich, 1740 Luxembourg",Singer-Songwriter,Buy Now,,https://www.atelier.lu/shows/sofia-isella/,https://apps.ticketmatic.com/widgets/atelier/flow/campaign?event=798777511708&ref=#!/addtickets,https://apps.ticketmatic.com/obj/filestore/prod/10328/events/14246/image.68de75d7324a4.320.jpg,37.80 EUR,2026-02-17T13:33:10.454565+00:00,2387083665,3650500662
91673,TALI,2026-05-08,20:00,Rockhal,"5, avenue du Rock, L-4361 Esch-sur-Alzette",Pop,buy-now,,https://rockhal.lu/shows/tali/,https://apps.ticketmatic.com/widgets/rockhal/addtickets?event=11728,https://apps.ticketmatic.com/obj/filestore/prod/10491/events/11728/image.69942fbb58d82.jpg,21.80 EUR,2026-02-17T13:34:07.137432+00:00,2703400752,3110917171
91151,METAL BATTLE,2026-05-09,18:30,Rockhal,"5, avenue du Rock, L-4361 Esch-sur-Alzette",Metal,on-sale-soon,,https://rockhal.lu/shows/metal-battle-2026/,https://apps.ticketmatic.com/widgets/rockhal/addtickets?event=11705,https://apps.ticketmatic.com/obj/filestore/prod/10491/events/11705/image.6989b6a818f45.jpg,Price Unavailable,2026-02-17T13:34:07.137432+00:00,2257039497,414750102
77928,CHRISTOPHER CROSS,2026-05-10,20:00,Rockhal,"5, avenue du Rock, L-4361 Esch-sur-Alzette",Rock,buy-now,,https://rockhal.lu/shows/christopher-cross/,https://apps.ticketmatic.com/widgets/rockhal/addtickets?event=11611,https://apps.ticketmatic.com/obj/filestore/prod/10491/events/11611/image.68d6c3fea76b2.jpg,49.50 EUR,2026-02-17T13:34:07.137432+00:00,4828150,4828148
71678,PINK FLOYD'S DARK SIDE OF THE MOON,2026-05-10,19:00,Rockhal,"5, avenue du Rock, L-4361 Esch-sur-Alzette",Rock,buy-now,,https://rockhal.lu/shows/pink-floyds-dark-side-of-the-moon/,https://apps.ticketmatic.com/widgets/rockhal/addtickets?event=11550,https://apps.ticketmatic.com/obj/filestore/prod/10491/events/11550/image.6877bce963977.jpg,54.00 EUR,2026-02-17T13:34:07.137432+00:00,,
71676,PINK FLOYD'S THE WALL,2026-05-10,15:15,Rockhal,"5, avenue du Rock, L-4361 Esch-sur-Alzette",Rock,buy-now,,https://rockhal.lu/shows/pink-floyds-the-wall/,https://apps.ticketmatic.com/widgets/rockhal/addtickets?event=11549,https://apps.ticketmatic.com/obj/filestore/prod/10491/events/11549/image.6877bcc6896a7.jpg,54.00 EUR,2026-02-17T13:34:07.137432+00:00,116914042,116914094
41441,Jalen Ngonda,2026-05-12,7:00 pm,den Atelier,"54 rue de Hollerich, 1740 Luxembourg",R&B / Soul,Buy Now,,https://www.atelier.lu/shows/jalen-ngonda/,https://apps.ticketmatic.com/widgets/atelier/flow/campaign?event=918758629409&ref=#!/addtickets,https://apps.ticketmatic.com/obj/filestore/prod/10328/events/14312/image.6978e18d75239.320.jpg,41.10 EUR,2026-02-17T13:33:10.454565+00:00,3456173171,2172217337
85185,MAYA + THALAMUSPROJECT,2026-05-13,20:00,Rockhal,"5, avenue du Rock, L-4361 Esch-sur-Alzette",Pop,buy-now,,https://rockhal.lu/shows/maya-thalamusproject/,https://apps.ticketmatic.com/widgets/rockhal/addtickets?event=11669,https://apps.ticketmatic.com/obj/filestore/prod/10491/events/11669/image.6931b3d5a0de5.jpg,7.00 EUR,2026-02-17T13:34:07.137432+00:00,,
69822,LIGABUE,2026-05-14,20:00,Rockhal,"5, avenue du Rock, L-4361 Esch-sur-Alzette",Pop,waiting-list,,https://rockhal.lu/shows/ligabue-2026/,https://apps.ticketmatic.com/widgets/rockhal/addtickets?event=11529,https://apps.ticketmatic.com/obj/filestore/prod/10491/events/11529/image.685bec7a895f1.jpg,55.00 EUR,2026-02-17T13:34:07.137432+00:00,6633023,97869024
40302,Blue,2026-05-15,7:00 pm,den Atelier,"54 rue de Hollerich, 1740 Luxembourg",Pop,Sold Out,,https://www.atelier.lu/shows/blue/,https://apps.ticketmatic.com/widgets/atelier/flow/campaign?event=306581473209&ref=#!/addtickets,https://apps.ticketmatic.com/obj/filestore/prod/10328/events/14224/image.68b974e439dba.320.jpg,53.20 EUR,2026-02-17T13:33:10.454565+00:00,3097538,3152219
87831,HOUDI,2026-05-16,20:00,Rockhal,"5, avenue du Rock, L-4361 Esch-sur-Alzette",Hip-Hop/Rap,buy-now,,https://rockhal.lu/shows/houdi/,https://apps.ticketmatic.com/widgets/rockhal/addtickets?event=11687,https://apps.ticketmatic.com/obj/filestore/prod/10491/events/11687/image.695d2ac881bbf.jpg,36.00 EUR,2026-02-17T13:34:07.137432+00:00,3769651932,3769651992
40956,Dermot Kennedy,2026-05-20,7:00 pm,Rockhal,"5 avenue du Rock'n'Roll, L-4361 Esch/Alzette",Pop; Singer-Songwriter,Buy Now,,https://www.atelier.lu/shows/dermot-kennedy-2/,https://apps.ticketmatic.com/widgets/atelier/flow/campaign?event=342772318189&ref=#!/addtickets,https://apps.ticketmatic.com/obj/filestore/prod/10328/events/14282/image.691ee2403b38d.320.jpg,57.60 EUR,2026-02-17T13:33:10.454565+00:00,3841861141,610861462
41085,Rodrigo y Gabriela - 20th Anniversary Tour,2026-05-20,7:00 pm,den Atelier,"54 rue de Hollerich, 1740 Luxembourg",Rock,Buy Now,,https://www.atelier.lu/shows/rodrigo-y-gabriela-20th-anniversary-tour/,https://apps.ticketmatic.com/widgets/atelier/flow/campaign?event=194292849978&ref=#!/addtickets,https://apps.ticketmatic.com/obj/filestore/prod/10328/events/14266/image.69316c841c3f8.320.jpg,44.40 EUR,2026-02-17T13:33:10.454565+00:00,,
88423,HIMRA,2026-05-22,20:00,Rockhal,"5, avenue du Rock, L-4361 Esch-sur-Alzette",Hip-Hop/Rap,buy-now,,https://rockhal.lu/shows/himra/,https://apps.ticketmatic.com/widgets/rockhal/addtickets?event=11681,https://apps.ticketmatic.com/obj/filestore/prod/10491/events/11681/image.6967a0581b3a2.jpg,33.00 EUR,2026-02-17T13:34:07.137432+00:00,3803817212,3295867421
83581,I HATE MODELS + GUESTS (DO YOU RAVE? XXL),2026-05-23,22:00,Rockhal,"5, avenue du Rock, L-4361 Esch-sur-Alzette",Electro/Clubbing,buy-now,,https://rockhal.lu/shows/do-you-rave-xxl-edition/,https://apps.ticketmatic.com/widgets/rockhal/addtickets?event=11650,https://apps.ticketmatic.com/obj/filestore/prod/10491/events/11650/image.691ef6806b248.jpg,50.00 EUR,2026-02-17T13:34:07.137432+00:00,,
76205,THE GATHERING,2026-05-25,19:30,Rockhal,"5, avenue du Rock, L-4361 Esch-sur-Alzette",Rock,buy-now,,https://rockhal.lu/shows/the-gathering/,https://apps.ticketmatic.com/widgets/rockhal/addtickets?event=11598,https://apps.ticketmatic.com/obj/filestore/prod/10491/events/11598/image.68c930672a366.jpg,42.00 EUR,2026-02-17T13:34:07.137432+00:00,108655132,108655134
35597,Beth Hart,2026-05-26,7:00 pm,Rockhal,"5 avenue du Rock'n'Roll, L-4361 Esch/Alzette",Blues Rock,Buy Now,,https://www.atelier.lu/shows/beth-hart-2/,https://apps.ticketmatic.com/widgets/atelier/flow/campaign?event=606327463667&ref=#!/addtickets,https://apps.ticketmatic.com/obj/filestore/prod/10328/events/14028/image.66e1b4efeb0ad.320.jpg,58.70 EUR,2026-02-17T13:33:10.454565+00:00,1587111862,1538602892
76547,PLINI + SUNGAZER,2026-05-27,19:30,Rockhal,"5, avenue du Rock, L-4361 Esch-sur-Alzette",Metal,buy-now,,https://rockhal.lu/shows/plini-sungazer/,https://apps.ticketmatic.com/widgets/rockhal/addtickets?event=11607,https://apps.ticketmatic.com/obj/filestore/prod/10491/events/11607/image.68d2ec5a83df5.jpg,34.00 EUR,2026-02-17T13:34:07.137432+00:00,3847510081,1333998632
40873,Antony Szmierek,2026-05-28,8:00 pm,Rotondes,"Place des Rotondes, 2448 Luxembourg",Electronica; Spoken Word,Buy Now,,https://www.atelier.lu/shows/antony-szmierek/,https://apps.ticketmatic.com/widgets/atelier/flow/campaign?event=103985311213&ref=#!/addtickets,https://apps.ticketmatic.com/obj/filestore/prod/10328/events/14271/image.690b808f61e54.320.jpg,29.00 EUR,2026-02-17T13:33:10.454565+00:00,2895683491,3247931121
82971,PUGGY,2026-05-28,20:00,Rockhal,"5, avenue du Rock, L-4361 Esch-sur-Alzette",Pop,buy-now,,https://rockhal.lu/shows/puggy/,https://apps.ticketmatic.com/widgets/rockhal/addtickets?event=11639,https://apps.ticketmatic.com/obj/filestore/prod/10491/events/11639/image.691c5c1c78576.jpg,39.00 EUR,2026-02-17T13:34:07.137432+00:00,2522139891,3498902791
66158,THE ARISTOCRATS,2026-05-29,20:00,Rockhal,"5, avenue du Rock, L-4361 Esch-sur-Alzette",Blues/Jazz,buy-now,,https://rockhal.lu/shows/the-aristocrats-rockhal/,https://apps.ticketmatic.com/widgets/rockhal/addtickets?event=11500,https://apps.ticketmatic.com/obj/filestore/prod/10491/events/11500/image.682eee79bd057.jpg,39.00 EUR,2026-02-17T13:34:07.137432+00:00,13645471,2770824561
86345,LUXEMBOURG  DU RIRE,2026-05-30,14:45,Rockhal,"5, avenue du Rock, L-4361 Esch-sur-Alzette",Comedy,buy-now,,https://rockhal.lu/shows/luxembourg-du-rire-4/,https://apps.ticketmatic.com/widgets/rockhal/addtickets?event=11676,https://apps.ticketmatic.com/obj/filestore/prod/10491/events/11676/image.69494cb53e3c9.jpg,55.00 EUR,2026-02-17T13:34:07.137432+00:00,,
91231,MARI FROES,2026-05-31,20:00,Rockhal,"5, avenue du Rock, L-4361 Esch-sur-Alzette",Latino,buy-now,,https://rockhal.lu/shows/mari-froes/,https://apps.ticketmatic.com/widgets/rockhal/addtickets?event=11719,https://apps.ticketmatic.com/obj/filestore/prod/10491/events/11719/image.698af8840f18c.jpg,39.00 EUR,2026-02-17T13:34:07.137432+00:00,3346909081,3809281862
41342,XZIBIT (US) feat. Furnace Band,2026-06-02,7:00 pm,den Atelier,"54 rue de Hollerich, 1740 Luxembourg",Hip Hop,Buy Now,,https://www.atelier.lu/shows/xzibit-3/,https://apps.ticketmatic.com/widgets/atelier/flow/campaign?event=381118636449&ref=#!/addtickets,https://apps.ticketmatic.com/obj/filestore/prod/10328/events/14303/image.6967654643fe4.320.jpg,49.90 EUR,2026-02-17T13:33:10.454565+00:00,,
46229,ZUCCHERO,2026-06-03,18:30,Rockhal,"5, avenue du Rock, L-4361 Esch-sur-Alzette",Rock,buy-now,,https://rockhal.lu/shows/zucchero-2026/,"https://www.luxembourg-ticket.lu/de/8/eid,66513/zucchero-world-tour-2026.html",https://apps.ticketmatic.com/obj/filestore/prod/10491/events/11369/image.6953dbacae989.jpg,Price Unavailable,2026-02-17T13:34:07.137432+00:00,1565238,2305654
65675,DIE TOTEN HOSEN,2026-06-07,18:00,Rockhal,"5, avenue du Rock, L-4361 Esch-sur-Alzette",Rock,buy-now,,https://rockhal.lu/shows/die-toten-hosen-8/,https://www.dth.de/,https://apps.ticketmatic.com/obj/filestore/prod/10491/events/11497/image.6825c648a84dc.jpg,Price Unavailable,2026-02-17T13:34:07.137432+00:00,142393383,142393465
65164,DIE TOTEN HOSEN,2026-06-08,18:00,Rockhal,"5, avenue du Rock, L-4361 Esch-sur-Alzette",Rock,buy-now,,https://rockhal.lu/shows/die-toten-hosen-7/,https://shop.dietotenhosen.de/index.php/n.213-Tickets/l.1904-08_06_2026-_-Esch-Alzette-_-Rockhal/,https://apps.ticketmatic.com/obj/filestore/prod/10491/events/11493/image.6821c1465ed5e.jpg,Price Unavailable,2026-02-17T13:34:07.137432+00:00,142393383,142393465
90319,GHINZU,2026-06-09,20:00,Rockhal,"5, avenue du Rock, L-4361 Esch-sur-Alzette",Rock,buy-now,,https://rockhal.lu/shows/ghinzu/,https://apps.ticketmatic.com/widgets/rockhal/addtickets?event=11706,https://apps.ticketmatic.com/obj/filestore/prod/10491/events/11706/image.6982028077a74.jpg,42.00 EUR,2026-02-17T13:34:07.137432+00:00,4303580,3769698982
41013,MEGADETH,2026-06-11,7:00 pm,Rockhal,"5 avenue du Rock'n'Roll, L-4361 Esch/Alzette",Metal,Buy Now,,https://www.atelier.lu/shows/megadeth-4/,https://apps.ticketmatic.com/widgets/atelier/flow/campaign?event=732948680221&ref=#!/addtickets,https://apps.ticketmatic.com/obj/filestore/prod/10328/events/14285/image.6925d1f41a8ed.320.jpg,59.80 EUR,2026-02-17T13:33:10.454565+00:00,61382107,3088984
40477,Ethel Cain,2026-06-13,7:00 pm,den Atelier,"54 rue de Hollerich, 1740 Luxembourg",Alternative Rock; Indie,Buy Now,,https://www.atelier.lu/shows/ethel-cain/,https://apps.ticketmatic.com/widgets/atelier/flow/campaign?event=254900824797&ref=#!/addtickets,https://apps.ticketmatic.com/obj/filestore/prod/10328/events/14241/image.68d652e679715.320.jpg,47.70 EUR,2026-02-17T13:33:10.454565+00:00,1875510297,1875510187
92272,TRIVIUM,2026-06-15,19:00,Rockhal,"5, avenue du Rock, L-4361 Esch-sur-Alzette",Metal,on-sale-soon,New,https://rockhal.lu/shows/trivium/,https://apps.ticketmatic.com/widgets/rockhal/addtickets?event=11733,https://apps.ticketmatic.com/obj/filestore/prod/10491/events/11733/image.69981c2acad35.jpg,40.00 EUR,2026-02-22T08:57:07.891072+00:00,395723882,847140
40251,Big Thief,2026-06-18,7:00 pm,den Atelier,"54 rue de Hollerich, 1740 Luxembourg",Folk; Indie,Buy Now,,https://www.atelier.lu/shows/big-thief/,https://apps.ticketmatic.com/widgets/atelier/flow/campaign?event=669470676290&ref=#!/addtickets,https://apps.ticketmatic.com/obj/filestore/prod/10328/events/14221/image.68b6e5ef7d1c4.320.jpg,49.02 EUR,2026-02-17T13:33:10.454565+00:00,2300028585,2421606815
41016,ANTHRAX,2026-06-21,7:00 pm,den Atelier,"54 rue de Hollerich, 1740 Luxembourg",Metal,Buy Now,,https://www.atelier.lu/shows/anthrax-3/,https://apps.ticketmatic.com/widgets/atelier/flow/campaign?event=438625273970&ref=#!/addtickets,https://apps.ticketmatic.com/obj/filestore/prod/10328/events/14286/image.69241c84de67a.320.jpg,55.40 EUR,2026-02-17T13:33:10.454565+00:00,1104106,1176687
41347,Rise Against,2026-06-23,7:00 pm,den Atelier,"54 rue de Hollerich, 1740 Luxembourg",Metal; Punk; Rock,Waiting list,,https://www.atelier.lu/shows/rise-against-6/,https://apps.ticketmatic.com/widgets/atelier/flow/campaign?event=517894426146&ref=#!/addtickets,https://apps.ticketmatic.com/obj/filestore/prod/10328/events/14304/image.697795cba7ab1.320.jpg,Price Unavailable,2026-02-17T13:33:10.454565+00:00,7419123,7472037
41106,Absolut Bartreng,2026-06-27,3:00 pm,Shared Space Bartreng,"Shared Space, 8058 Bertrange",Festival,Buy Now,,https://www.atelier.lu/shows/absolut-bartreng-5/,https://apps.ticketmatic.com/widgets/atelier/flow/campaign?event=559861366807&ref=#!/addtickets,https://apps.ticketmatic.com/obj/filestore/prod/10328/events/14292/image.693fccd70c53b.320.jpg,34.50 EUR,2026-02-17T13:33:10.454565+00:00,,
40820,Chris Isaak,2026-06-30,7:00 pm,den Atelier,"54 rue de Hollerich, 1740 Luxembourg",Blues Rock,Buy Now,,https://www.atelier.lu/shows/chris-isaak-3/,https://apps.ticketmatic.com/widgets/atelier/flow/campaign?event=718725691029&ref=#!/addtickets,https://apps.ticketmatic.com/obj/filestore/prod/10328/events/14267/image.69038a779049f.320.jpg,67.50 EUR,2026-02-17T13:33:10.454565+00:00,788457,788532
40894,The Offspring,2026-07-01,5:30 pm,Luxexpo Open-Air,"10 Circuit de La Foire Internationale, 1347 Luxembourg",Punk; Rock,Buy Now,,https://www.atelier.lu/shows/the-offspring-4/,https://apps.ticketmatic.com/widgets/atelier/flow/campaign?event=719887829431&ref=#!/addtickets,https://apps.ticketmatic.com/obj/filestore/prod/10328/events/14275/image.690cf16d6def1.320.jpg,88.40 EUR,2026-02-17T13:33:10.454565+00:00,137233986,137234014
39776,AnnenMayKantereit,2026-07-02,7:00 pm,Rockhal,"5 avenue du Rock'n'Roll, L-4361 Esch/Alzette",Pop,Sold Out,,https://www.atelier.lu/shows/annenmaykantereit-2/,https://apps.ticketmatic.com/widgets/atelier/flow/campaign?event=509440211866&ref=#!/addtickets,https://apps.ticketmatic.com/obj/filestore/prod/10328/events/14206/image.6861614612d22.320.jpg,Price Unavailable,2026-02-17T13:33:10.454565+00:00,700711312,121123256
40891,Dogstar,2026-07-02,7:00 pm,Festival de Wiltz,"1 rue du Chateau, 9516 Wiltz",Rock,Buy Now,,https://www.atelier.lu/shows/dogstar-2/,https://apps.ticketmatic.com/widgets/atelier/flow/campaign?event=848753823698&ref=#!/addtickets,https://apps.ticketmatic.com/obj/filestore/prod/10328/events/14274/image.690ced883cf4f.320.jpg,56.50 EUR,2026-02-17T13:33:10.454565+00:00,2369141585,2369141675
40903,Moby,2026-07-03,7:00 pm,neimënster,"28 rue Münster, 2160 Luxembourg",Electronica,Sold Out,,https://www.atelier.lu/shows/moby-6/,https://apps.ticketmatic.com/widgets/atelier/flow/campaign?event=688623820503&ref=#!/addtickets,https://apps.ticketmatic.com/obj/filestore/prod/10328/events/14277/image.690ded17958d0.320.jpg,97.20 EUR,2026-02-17T13:33:10.454565+00:00,3785448172,134817088
80688,A PERFECT CIRCLE,2026-07-04,19:00,Rockhal,"5, avenue du Rock, L-4361 Esch-sur-Alzette",Alternative; Rock,buy-now,,https://rockhal.lu/shows/a-perfect-circle/,https://apps.ticketmatic.com/widgets/rockhal/addtickets?event=11622,https://apps.ticketmatic.com/obj/filestore/prod/10491/events/11622/image.68fb93e5ea7f8.jpg,59.00 EUR,2026-02-17T13:34:07.137432+00:00,3092700,3135442
89018,EMPIRE OF THE SUN,2026-07-05,19:00,Rockhal,"5, avenue du Rock, L-4361 Esch-sur-Alzette",Alternative; Pop,buy-now,,https://rockhal.lu/shows/empire-of-the-sun/,https://apps.ticketmatic.com/widgets/rockhal/addtickets?event=11679,https://apps.ticketmatic.com/obj/filestore/prod/10491/events/11679/image.6973791da53b8.jpg,55.00 EUR,2026-02-17T13:34:07.137432+00:00,4286051,4286053
40897,Gorillaz,2026-07-05,5:30 pm,Luxexpo Open-Air,"10 Circuit de La Foire Internationale, 1347 Luxembourg",Alternative Rock; Hip Hop,Buy Now,,https://www.atelier.lu/shows/gorillaz-3/,https://apps.ticketmatic.com/widgets/atelier/flow/campaign?event=683509397956&ref=#!/addtickets,https://apps.ticketmatic.com/obj/filestore/prod/10328/events/14276/image.690cf4d671089.320.jpg,88.40 EUR,2026-02-17T13:33:10.454565+00:00,3129407,3100444
40969,Robbie Williams,2026-07-06,5:30 pm,Luxexpo Open-Air,"10 Circuit de La Foire Internationale, 1347 Luxembourg",Pop,Buy Now,,https://www.atelier.lu/shows/robbie-williams-3/,https://apps.ticketmatic.com/widgets/atelier/flow/campaign?event=558870647932&ref=#!/addtickets,https://apps.ticketmatic.com/obj/filestore/prod/10328/events/14284/image.691c0c8ae93f5.320.jpg,155.50 EUR,2026-02-17T13:33:10.454565+00:00,3098217,3138729
40324,Jamiroquai,2026-07-07,5:30 pm,Luxexpo Open-Air,"10 Circuit de La Foire Internationale, 1347 Luxembourg",Funk; Jazz; R&B / Soul,Buy Now,,https://www.atelier.lu/shows/jamiroquai-2/,https://apps.ticketmatic.com/widgets/atelier/flow/campaign?event=831293508468&ref=#!/addtickets,https://apps.ticketmatic.com/obj/filestore/prod/10328/events/14232/image.68c01017d0677.320.jpg,91.70 EUR,2026-02-17T13:33:10.454565+00:00,1884719637,1884719647
76250,ALICE COOPER,2026-07-08,19:00,Rockhal,"5, avenue du Rock, L-4361 Esch-sur-Alzette",Hard Rock,buy-now,,https://rockhal.lu/shows/alice-cooper-2026/,https://apps.ticketmatic.com/widgets/rockhal/addtickets?event=11605,https://apps.ticketmatic.com/obj/filestore/prod/10491/events/11605/image.68c96cc31d001.jpg,76.00 EUR,2026-02-17T13:34:07.137432+00:00,1015071,730866
40926,Lenny Kravitz,2026-07-08,5:30 pm,Luxexpo Open-Air,"10 Circuit de La Foire Internationale, 1347 Luxembourg",Rock,Buy Now,,https://www.atelier.lu/shows/lenny-kravitz/,https://apps.ticketmatic.com/widgets/atelier/flow/campaign?event=157183896345&ref=#!/addtickets,https://apps.ticketmatic.com/obj/filestore/prod/10328/events/14281/image.6912d3e8846bb.320.jpg,100.50 EUR,2026-02-17T13:33:10.454565+00:00,3107395,3156968
40900,Zaz,2026-07-08,7:00 pm,neimënster,"28 rue Münster, 2160 Luxembourg",Chanson Française; Jazz,Buy Now,,https://www.atelier.lu/shows/zaz/,https://apps.ticketmatic.com/widgets/atelier/flow/campaign?event=317246302597&ref=#!/addtickets,https://apps.ticketmatic.com/obj/filestore/prod/10328/events/14272/image.690c7a3c9b45a.320.jpg,75.20 EUR,2026-02-17T13:33:10.454565+00:00,65220769,17199784
40870,Beirut,2026-07-09,7:00 pm,neimënster,"28 rue Münster, 2160 Luxembourg",Folk; Indie,Buy Now,,https://www.atelier.lu/shows/beirut/,https://apps.ticketmatic.com/widgets/atelier/flow/campaign?event=343139417389&ref=#!/addtickets,https://apps.ticketmatic.com/obj/filestore/prod/10328/events/14270/image.691c2a832b97b.320.jpg,65.30 EUR,2026-02-17T13:33:10.454565+00:00,426572052,623024972
83459,ZZ TOP,2026-07-10,19:00,Rockhal,"5, avenue du Rock, L-4361 Esch-sur-Alzette",Rock,buy-now,,https://rockhal.lu/shows/zz-top/,https://apps.ticketmatic.com/widgets/rockhal/addtickets?event=11644,https://apps.ticketmatic.com/obj/filestore/prod/10491/events/11644/image.691dd64cf0a5b.jpg,75.00 EUR,2026-02-17T13:34:07.137432+00:00,3667326,5094403
40394,Clueso,2026-07-12,7:00 pm,neimënster,"28 rue Münster, 2160 Luxembourg",Pop; Singer-Songwriter,Buy Now,,https://www.atelier.lu/shows/clueso-6/,https://apps.ticketmatic.com/widgets/atelier/flow/campaign?event=565414740362&ref=#!/addtickets,https://apps.ticketmatic.com/obj/filestore/prod/10328/events/14239/image.68c4015a79e5e.320.jpg,77.40 EUR,2026-02-17T13:33:10.454565+00:00,1727984087,1016555522
40921,Katy Perry,2026-07-14,5:30 pm,Luxexpo Open-Air,"10 Circuit de La Foire Internationale, 1347 Luxembourg",Pop,Buy Now,,https://www.atelier.lu/shows/katy-perry-2/,https://apps.ticketmatic.com/widgets/atelier/flow/campaign?event=451976640897&ref=#!/addtickets,https://apps.ticketmatic.com/obj/filestore/prod/10328/events/14278/image.6912ceb470de8.320.jpg,119.20 EUR,2026-02-17T13:33:10.454565+00:00,3160142,3169161
41111,Jovanotti,2026-07-15,7:00 pm,neimënster,"28 rue Münster, 2160 Luxembourg",Hip Hop; Pop; Rock,Buy Now,,https://www.atelier.lu/shows/jovanotti-2/,https://apps.ticketmatic.com/widgets/atelier/flow/campaign?event=819944814248&ref=#!/addtickets,https://apps.ticketmatic.com/obj/filestore/prod/10328/events/14294/image.6936b624ea723.320.jpg,80.70 EUR,2026-02-17T13:33:10.454565+00:00,922477,2305601
84051,JAZEEK,2026-07-16,18:30,Rockhal,"5, avenue du Rock, L-4361 Esch-sur-Alzette",Hip-Hop/Rap,buy-now,,https://rockhal.lu/shows/jazeek/,https://apps.ticketmatic.com/widgets/rockhal/addtickets?event=11656,https://apps.ticketmatic.com/obj/filestore/prod/10491/events/11656/image.692475499c5fe.jpg,66.95 EUR,2026-02-17T13:34:07.137432+00:00,3244582061,3771971852
89968,ERIC JOHNSON,2026-07-17,20:00,Rockhal,"5, avenue du Rock, L-4361 Esch-sur-Alzette",Blues/Jazz,buy-now,,https://rockhal.lu/shows/eric-johnson/,https://apps.ticketmatic.com/widgets/rockhal/flow/bundle?product=385809487132&l=en,https://apps.ticketmatic.com/obj/filestore/prod/10491/events/11703/image.6980c36e03d35.jpg,Price Unavailable,2026-02-17T13:34:07.137432+00:00,14600400,3122910
41475,Paul Kalkbrenner,2026-07-17,5:30 pm,Luxexpo Open-Air,"10 Circuit de La Foire Internationale, 1347 Luxembourg",Electronica,Buy Now,,https://www.atelier.lu/shows/paul-kalkbrenner-6/,https://apps.ticketmatic.com/widgets/atelier/flow/campaign?event=365419831961&ref=#!/addtickets,https://apps.ticketmatic.com/obj/filestore/prod/10328/events/14314/image.697b78c470353.320.jpg,77.40 EUR,2026-02-17T13:33:10.454565+00:00,3502053411,1761983427
89970,ERIC JOHNSON,2026-07-19,14:30,Rockhal,"5, avenue du Rock, L-4361 Esch-sur-Alzette",Blues/Jazz,buy-now,,https://rockhal.lu/shows/eric-johnson-2/,https://apps.ticketmatic.com/widgets/rockhal/addtickets?event=11702,https://apps.ticketmatic.com/obj/filestore/prod/10491/events/11702/image.6980c6951cafb.jpg,39.00 EUR,2026-02-17T13:34:07.137432+00:00,14600400,3122910
38157,Beatsteaks,2026-08-13,7:00 pm,den Atelier,"54 rue de Hollerich, 1740 Luxembourg",Alternative Rock; Punk,Sold Out,,https://www.atelier.lu/shows/beatsteaks-3/,https://apps.ticketmatic.com/widgets/atelier/flow/campaign?event=415363392382&ref=#!/addtickets,https://apps.ticketmatic.com/obj/filestore/prod/10328/events/14147/image.6808e32837136.320.jpg,48.80 EUR,2026-02-17T13:33:10.454565+00:00,106828470,106828472
38905,Lorde,2026-09-01,7:00 pm,Rockhal,"5 avenue du Rock'n'Roll, L-4361 Esch/Alzette",Pop,Buy Now,,https://www.atelier.lu/shows/lorde/,https://apps.ticketmatic.com/widgets/atelier/flow/campaign?event=552120471647&ref=#!/addtickets,https://apps.ticketmatic.com/obj/filestore/prod/10328/events/14169/image.681c62f843911.320.jpg,57.60 EUR,2026-02-17T13:33:10.454565+00:00,70403437,70403438
61675,QUEEN THE UNIQUE ROCK SYMPHONIC CELEBRATION,2026-09-20,18:00,Rockhal,"5, avenue du Rock, L-4361 Esch-sur-Alzette",Rock,buy-now,,https://rockhal.lu/shows/queen-the-unique-rock-symphonic-celebration-2026/,https://apps.ticketmatic.com/widgets/rockhal/addtickets?event=11465,https://apps.ticketmatic.com/obj/filestore/prod/10491/events/11465/image.68be968a0e36f.jpg,42.00 EUR,2026-02-17T13:34:07.137432+00:00,,
40699,1986zig,2026-09-23,7:00 pm,den Atelier,"54 rue de Hollerich, 1740 Luxembourg",Pop,Buy Now,,https://www.atelier.lu/shows/1986zig/,https://apps.ticketmatic.com/widgets/atelier/flow/campaign?event=842615666252&ref=#!/addtickets,https://apps.ticketmatic.com/obj/filestore/prod/10328/events/14258/image.68f1fada082ab.320.jpg,55.31 EUR,2026-02-17T13:33:10.454565+00:00,3817588512,1771007527
92018,FISCHER Z,2026-09-25,19:00,Rockhal,"5, avenue du Rock, L-4361 Esch-sur-Alzette",Rock,buy-now,,https://rockhal.lu/shows/fischer-z/,https://apps.ticketmatic.com/widgets/rockhal/addtickets?event=11730,https://apps.ticketmatic.com/obj/filestore/prod/10491/events/11730/image.69942e7adbab5.jpg,34.00 EUR,2026-02-17T13:34:07.137432+00:00,3460932,3460907
86437,LEGENDS OF ROCK TRIBUTE FESTIVAL,2026-09-26,19:00,Rockhal,"5, avenue du Rock, L-4361 Esch-sur-Alzette",Rock,buy-now,,https://rockhal.lu/shows/legends-of-rock-tribute-festival-2026/,https://apps.ticketmatic.com/widgets/rockhal/addtickets?event=11683,https://apps.ticketmatic.com/obj/filestore/prod/10491/events/11683/image.695b82c42ca81.jpg,35.00 EUR,2026-02-17T13:34:07.137432+00:00,,
41142,Sportfreunde Stiller,2026-10-07,7:00 pm,den Atelier,"54 rue de Hollerich, 1740 Luxembourg",Pop; Rock,Waiting list,,https://www.atelier.lu/shows/sportfreunde-stiller/,https://apps.ticketmatic.com/widgets/atelier/flow/campaign?event=839880383710&ref=#!/addtickets,https://apps.ticketmatic.com/obj/filestore/prod/10328/events/14299/image.6942c2847d404.320.jpg,52.10 EUR,2026-02-17T13:33:10.454565+00:00,1791078487,3750880362
84445,BEHEMOTH + DIMMU BORGIR + DARK FUNERAL,2026-10-11,19:00,Rockhal,"5, avenue du Rock, L-4361 Esch-sur-Alzette",Metal,buy-now,,https://rockhal.lu/shows/behemoth-dimmu-borgir/,https://apps.ticketmatic.com/widgets/rockhal/addtickets?event=11659,https://apps.ticketmatic.com/obj/filestore/prod/10491/events/11659/image.692879d26ceaa.jpg,69.00 EUR,2026-02-17T13:34:07.137432+00:00,,
92274,PHILIP SAYCE,2026-10-12,19:30,Rockhal,"5, avenue du Rock, L-4361 Esch-sur-Alzette",Blues/Jazz,buy-now,New,https://rockhal.lu/shows/philip-sayce/,https://apps.ticketmatic.com/widgets/rockhal/addtickets?event=11732,https://apps.ticketmatic.com/obj/filestore/prod/10491/events/11732/image.6995dc255dfb3.jpg,27.00 EUR,2026-02-22T08:57:07.891072+00:00,61032651,3256887071
83489,AMON AMARTH + ORBIT CULTURE + SOILWORK,2026-10-14,17:30,Rockhal,"5, avenue du Rock, L-4361 Esch-sur-Alzette",Metal,buy-now,,https://rockhal.lu/shows/amon-amarth/,https://apps.ticketmatic.com/widgets/rockhal/addtickets?event=11645,https://apps.ticketmatic.com/obj/filestore/prod/10491/events/11645/image.69207ca8523e6.jpg,63.00 EUR,2026-02-17T13:34:07.137432+00:00,,
40603,Lake Street Dive,2026-10-14,7:00 pm,den Atelier,"54 rue de Hollerich, 1740 Luxembourg",Alternative Rock; Indie,Buy Now,,https://www.atelier.lu/shows/lake-street-dive/,https://apps.ticketmatic.com/widgets/atelier/flow/campaign?event=203518881501&ref=#!/addtickets,https://apps.ticketmatic.com/obj/filestore/prod/10328/events/14251/image.691c12ac2b10b.320.jpg,41.10 EUR,2026-02-17T13:33:10.454565+00:00,1234765842,74689498
89003,PHILIPPE KATERINE SYMPHONIQUE,2026-10-14,18:30,Philharmonie,"5, avenue du Rock, L-4361 Esch-sur-Alzette",French Pop,buy-now,,https://rockhal.lu/shows/philippe-katerine-symphonique/,https://apps.ticketmatic.com/widgets/rockhal/addtickets?event=11699,https://apps.ticketmatic.com/obj/filestore/prod/10491/events/11699/image.69710dd802843.jpg,27.00 EUR,2026-02-17T13:34:07.137432+00:00,,
40466,Samu Haber,2026-10-15,7:00 pm,Rockhal,"5 avenue du Rock'n'Roll, L-4361 Esch/Alzette",Pop; Rock,Buy Now,,https://www.atelier.lu/shows/samu-haber-2/,https://apps.ticketmatic.com/widgets/atelier/flow/campaign?event=591051114978&ref=#!/addtickets,https://apps.ticketmatic.com/obj/filestore/prod/10328/events/14243/image.68ccff010c04a.320.jpg,66.40 EUR,2026-02-17T13:33:10.454565+00:00,2792718522,78183685
86230,LARA FABIAN,2026-10-18,18:00,Rockhal,"5, avenue du Rock, L-4361 Esch-sur-Alzette",French Pop,buy-now,,https://rockhal.lu/shows/lara-fabian/,https://apps.ticketmatic.com/widgets/rockhal/addtickets?event=11675,https://apps.ticketmatic.com/obj/filestore/prod/10491/events/11675/image.6942e26b40765.jpg,60.00 EUR,2026-02-17T13:34:07.137432+00:00,80920774,3585715361
33570,LOI,2026-10-18,7:00 pm,den Atelier,"54 rue de Hollerich, 1740 Luxembourg",Singer,Buy Now,,https://www.atelier.lu/shows/loi/,https://apps.ticketmatic.com/widgets/atelier/flow/campaign?event=255365271490&ref=#!/addtickets,https://apps.ticketmatic.com/obj/filestore/prod/10328/events/13981/image.679b8ae7e6c36.320.jpg,35.00 EUR,2026-02-17T13:33:10.454565+00:00,2086818497,1880483707
41020,Sofia Belabbes,2026-10-23,7:00 pm,Opderschmelz,"1a Rue du Centenaire, 3475 Dudelange",Comedy,Buy Now,,https://www.atelier.lu/shows/sofia-belabbes/,https://apps.ticketmatic.com/widgets/atelier/flow/campaign?event=161162110754&ref=#!/addtickets,https://apps.ticketmatic.com/obj/filestore/prod/10328/events/14287/image.69246375972f9.320.jpg,40.00 EUR,2026-02-17T13:33:10.454565+00:00,,
78745,THE FRONTM3N,2026-10-23,19:00,Rockhal,"5, avenue du Rock, L-4361 Esch-sur-Alzette",Rock,buy-now,,https://rockhal.lu/shows/the-frontm3n-rockhal-2026/,https://apps.ticketmatic.com/widgets/rockhal/addtickets?event=11615,https://apps.ticketmatic.com/obj/filestore/prod/10491/events/11615/image.68dd095b16fad.jpg,40.00 EUR,2026-02-17T13:34:07.137432+00:00,3788341242,3788341172
90771,GUY2BEZBAR,2026-10-24,20:00,Rockhal,"5, avenue du Rock, L-4361 Esch-sur-Alzette",Hip-Hop/Rap,buy-now,,https://rockhal.lu/shows/guy2bezbar/,https://apps.ticketmatic.com/widgets/rockhal/addtickets?event=11720,https://apps.ticketmatic.com/obj/filestore/prod/10491/events/11720/image.698b663b19f96.jpg,33.00 EUR,2026-02-17T13:34:07.137432+00:00,3329681251,3301821051
75331,LAURA PAUSINI,2026-10-27,19:00,Rockhal,"5, avenue du Rock, L-4361 Esch-sur-Alzette",Pop,buy-now,,https://rockhal.lu/shows/laura-pausini-2026/,https://apps.ticketmatic.com/widgets/rockhal/addtickets?event=11591,https://apps.ticketmatic.com/obj/filestore/prod/10491/events/11591/image.68c17b9d6af0a.jpg,89.00 EUR,2026-02-17T13:34:07.137432+00:00,760199,3855848131
41603,Kneecap,2026-11-06,7:00 pm,Rockhal,"5 avenue du Rock'n'Roll, L-4361 Esch/Alzette",Hip Hop,Buy Now,,https://www.atelier.lu/shows/kneecap/,https://apps.ticketmatic.com/widgets/atelier/flow/campaign?event=301095220204&ref=#!/addtickets,https://apps.ticketmatic.com/obj/filestore/prod/10328/events/14315/image.698dbb3606683.320.jpg,56.50 EUR,2026-02-17T13:33:10.454565+00:00,2643667232,3722582922
79961,VANESSA PARADIS,2026-11-07,19:00,Rockhal,"5, avenue du Rock, L-4361 Esch-sur-Alzette",French Pop,buy-now,,https://rockhal.lu/shows/vanessa-paradis/,https://apps.ticketmatic.com/widgets/rockhal/addtickets?event=11623,https://apps.ticketmatic.com/obj/filestore/prod/10491/events/11623/image.68ee462638af7.jpg,45.00 EUR,2026-02-17T13:34:07.137432+00:00,13621853,3395324551
90440,THE SISTERS OF MERCY,2026-11-08,19:30,Rockhal,"5, avenue du Rock, L-4361 Esch-sur-Alzette",Rock,buy-now,,https://rockhal.lu/shows/the-sisters-of-mercy-26/,https://apps.ticketmatic.com/widgets/rockhal/addtickets?event=11704,https://apps.ticketmatic.com/obj/filestore/prod/10491/events/11704/image.698227bfe583c.jpg,42.00 EUR,2026-02-17T13:34:07.137432+00:00,70212122,104094652
86912,SKY FULL OF STARS,2026-11-13,20:00,Rockhal,"5, avenue du Rock, L-4361 Esch-sur-Alzette",Pop,buy-now,,https://rockhal.lu/shows/sky-full-of-stars-2026/,"https://www.luxembourg-ticket.lu/de/8/eid,68636/sky-full-of-stars.html",https://apps.ticketmatic.com/obj/filestore/prod/10491/events/11686/image.694931f643a0b.jpg,Price Unavailable,2026-02-17T13:34:07.137432+00:00,80849496,
72512,CALEMA,2026-11-14,19:00,Rockhal,"5, avenue du Rock, L-4361 Esch-sur-Alzette",Global Music,buy-now,,https://rockhal.lu/shows/calema/,https://apps.ticketmatic.com/widgets/rockhal/addtickets?event=11557,https://apps.ticketmatic.com/obj/filestore/prod/10491/events/11557/image.68888a09e0f7e.jpg,33.00 EUR,2026-02-17T13:34:07.137432+00:00,1802220957,864448582
40742,Heavysaurus,2026-11-15,1:00 pm,den Atelier,"54 rue de Hollerich, 1740 Luxembourg",Family Entertainment; Metal,Buy Now,,https://www.atelier.lu/shows/heavysaurus-3/,https://apps.ticketmatic.com/widgets/atelier/flow/campaign?event=184215632137&ref=#!/addtickets,https://apps.ticketmatic.com/obj/filestore/prod/10328/events/14260/image.68f8718261c60.320.jpg,33.40 EUR,2026-02-17T13:33:10.454565+00:00,4007319,56294031
40807,Martin Kohlstedt,2026-11-17,7:00 pm,Trifolion Echternach,"2 Porte Sainte Willibrord, 6468 Echternach",Electronica,Buy Now,,https://www.atelier.lu/shows/martin-kohlstedt-3/,https://apps.ticketmatic.com/widgets/atelier/flow/campaign?event=392756522663&ref=#!/addtickets,https://apps.ticketmatic.com/obj/filestore/prod/10328/events/14265/image.692ff91ee3b76.320.jpg,41.10 EUR,2026-02-17T13:33:10.454565+00:00,1153140972,672944332
40866,Joe Jackson + Band,2026-11-18,7:00 pm,den Atelier,"54 rue de Hollerich, 1740 Luxembourg",Pop; Rock,Buy Now,,https://www.atelier.lu/shows/joe-jackson-2/,https://apps.ticketmatic.com/widgets/atelier/flow/campaign?event=677415489308&ref=#!/addtickets,https://apps.ticketmatic.com/obj/filestore/prod/10328/events/14268/image.690b6684c1c1b.320.jpg,53.20 EUR,2026-02-17T13:33:10.454565+00:00,3864069,3864067
37983,Tokio Hotel,2026-11-18,7:00 pm,Rockhal,"5 avenue du Rock'n'Roll, L-4361 Esch/Alzette",Alternative Rock,Buy Now,,https://www.atelier.lu/shows/tokio-hotel/,https://apps.ticketmatic.com/widgets/atelier/flow/campaign?event=201581611506&ref=#!/addtickets,https://apps.ticketmatic.com/obj/filestore/prod/10328/events/14137/image.67d2f71f9a40f.320.jpg,70.20 EUR,2026-02-17T13:33:10.454565+00:00,7718640,7718659
41042,Zebrahead,2026-11-19,7:00 pm,den Atelier,"54 rue de Hollerich, 1740 Luxembourg",Rock,Buy Now,,https://www.atelier.lu/shows/zebrahead/,https://apps.ticketmatic.com/widgets/atelier/flow/campaign?event=400872373196&ref=#!/addtickets,https://apps.ticketmatic.com/obj/filestore/prod/10328/events/14290/image.6925cf75ec38d.320.jpg,38.90 EUR,2026-02-17T13:33:10.454565+00:00,2299895755,2299895785
85158,MENTISSA,2026-11-20,20:00,Rockhal,"5, avenue du Rock, L-4361 Esch-sur-Alzette",French Pop,buy-now,,https://rockhal.lu/shows/mentissa/,https://apps.ticketmatic.com/widgets/rockhal/addtickets?event=11502,https://apps.ticketmatic.com/obj/filestore/prod/10491/events/11502/image.6931785ed8929.jpg,35.00 EUR,2026-02-17T13:34:07.137432+00:00,1534970092,1940930987
40919,The Witcher,2026-11-20,7:00 pm,Rockhal,"5 avenue du Rock'n'Roll, L-4361 Esch/Alzette",Immersive concert + orchestral performance,Buy Now,,https://www.atelier.lu/shows/the-witcher/,https://apps.ticketmatic.com/widgets/atelier/flow/campaign?event=989332873672&ref=#!/addtickets,https://apps.ticketmatic.com/obj/filestore/prod/10328/events/14279/image.691c0ff0bb54f.320.jpg,59.80 EUR,2026-02-17T13:33:10.454565+00:00,839641662,3584290691
40668,Beast in Black,2026-11-21,7:00 pm,Rockhal Club,"5 avenue du Rock'n'Roll, 4361 Esch/Alzette",Metal,Buy Now,,https://www.atelier.lu/shows/beast-in-black/,https://apps.ticketmatic.com/widgets/atelier/flow/campaign?event=524741888159&ref=#!/addtickets,https://apps.ticketmatic.com/obj/filestore/prod/10328/events/14255/image.68ee69a60f87a.320.jpg,55.80 EUR,2026-02-17T13:33:10.454565+00:00,597403752,659569532
86461,CASSE-NOISETTE,2026-11-21,14:30,Rockhal,"5, avenue du Rock, L-4361 Esch-sur-Alzette",Entertainment,buy-now,,https://rockhal.lu/shows/casse-noisette-13/,https://apps.ticketmatic.com/widgets/rockhal/addtickets?event=11684,https://apps.ticketmatic.com/obj/filestore/prod/10491/events/11684/image.694412530cc38.jpg,53.00 EUR,2026-02-22T08:57:07.891072+00:00,1009294272,1849881757
41363,NeS,2026-11-21,7:00 pm,den Atelier,"54 rue de Hollerich, 1740 Luxembourg",Hip Hop,Buy Now,,https://www.atelier.lu/shows/nes/,https://apps.ticketmatic.com/widgets/atelier/flow/campaign?event=201464627039&ref=#!/addtickets,https://apps.ticketmatic.com/obj/filestore/prod/10328/events/14307/image.69690c01239ae.320.jpg,29.00 EUR,2026-02-17T13:33:10.454565+00:00,3720068242,3782267712
40923,Conni - Das Musical!,2026-11-22,2:00 pm,Opderschmelz,"1a Rue du Centenaire, 3475 Dudelange",Family Entertainment,Buy Now,,https://www.atelier.lu/shows/conni-das-musical/,https://apps.ticketmatic.com/widgets/atelier/flow/campaign?event=482167713306&ref=#!/addtickets,https://apps.ticketmatic.com/obj/filestore/prod/10328/events/14280/image.69123ac4441b7.320.jpg,27.90 EUR,2026-02-17T13:33:10.454565+00:00,,
41194,Lichterkinder,2026-11-29,2:00 pm,GRIDX,"4-6 Rue des Trois Cantons, 3980 Wickrange-sur-Mess",Family Entertainment,Buy Now,,https://www.atelier.lu/shows/lichterkinder-2/,https://apps.ticketmatic.com/widgets/atelier/flow/campaign?event=191882324198&ref=#!/addtickets,https://apps.ticketmatic.com/obj/filestore/prod/10328/events/14297/image.6942a444a2d1c.320.jpg,46.65 EUR,2026-02-17T13:33:10.454565+00:00,1209436532,555551042
41433,Zimmer90,2026-11-30,7:00 pm,den Atelier,"54 rue de Hollerich, 1740 Luxembourg",Indie; Pop,Buy Now,,https://www.atelier.lu/shows/zimmer90-2/,https://apps.ticketmatic.com/widgets/atelier/flow/campaign?event=985963681876&ref=#!/addtickets,https://apps.ticketmatic.com/obj/filestore/prod/10328/events/14309/image.6978b7488fd97.320.jpg,Price Unavailable,2026-02-17T13:33:10.454565+00:00,2968007141,3340279011
88975,MAMMOTH,2026-12-01,19:30,Rockhal,"5, avenue du Rock, L-4361 Esch-sur-Alzette",Rock,buy-now,,https://rockhal.lu/shows/mammoth/,https://apps.ticketmatic.com/widgets/rockhal/addtickets?event=11697,https://apps.ticketmatic.com/obj/filestore/prod/10491/events/11697/image.6977716aec8ff.jpg,34.00 EUR,2026-02-17T13:34:07.137432+00:00,3805773112,3801670762
40345,PORTUGAL. THE MAN,2026-12-03,7:00 pm,den Atelier,"54 rue de Hollerich, 1740 Luxembourg",Alternative Rock; Indie,New Date,,https://www.atelier.lu/shows/portugal-the-man-4/,https://apps.ticketmatic.com/widgets/atelier/flow/campaign?event=357503275315&ref=#!/addtickets,https://apps.ticketmatic.com/obj/filestore/prod/10328/events/14236/image.68d1027bc6a15.320.jpg,Price Unavailable,2026-02-22T08:56:22.601762+00:00,371593461,3279214291
88299,TYPH BARROW,2026-12-05,19:00,Rockhal,"5, avenue du Rock, L-4361 Esch-sur-Alzette",Pop,buy-now,,https://rockhal.lu/shows/typh-barrow-4/,https://apps.ticketmatic.com/widgets/rockhal/addtickets?event=11677,https://apps.ticketmatic.com/obj/filestore/prod/10491/events/11677/image.69679de2153ad.jpg,35.00 EUR,2026-02-17T13:34:07.137432+00:00,143420876,143420886
84854,TRIBUTE TO THE BEATLES,2026-12-11,20:00,Rockhal,"5, avenue du Rock, L-4361 Esch-sur-Alzette",Pop,buy-now,,https://rockhal.lu/shows/tribute-to-the-beatles/,https://apps.ticketmatic.com/widgets/rockhal/addtickets?event=11664,https://apps.ticketmatic.com/obj/filestore/prod/10491/events/11664/image.692d66e93ae0d.jpg,28.00 EUR,2026-02-17T13:34:07.137432+00:00,76979311,76979308
41125,Philipp Poisel,2026-12-15,7:00 pm,Trifolion Echternach,"2 Porte Sainte Willibrord, 6468 Echternach",Singer-Songwriter,Sold Out,,https://www.atelier.lu/shows/philipp-poisel-3/,https://apps.ticketmatic.com/widgets/atelier/flow/campaign?event=801343121279&ref=#!/addtickets,https://apps.ticketmatic.com/obj/filestore/prod/10328/events/14296/image.6939954602fdd.320.jpg,71.55 EUR,2026-02-17T13:33:10.454565+00:00,1754267497,1721562237
88977,DORO,2026-12-16,19:00,Rockhal,"5, avenue du Rock, L-4361 Esch-sur-Alzette",Metal,buy-now,,https://rockhal.lu/shows/doro/,https://apps.ticketmatic.com/widgets/rockhal/addtickets?event=11638,https://apps.ticketmatic.com/obj/filestore/prod/10491/events/11638/image.69724429f0e43.jpg,46.00 EUR,2026-02-17T13:34:07.137432+00:00,3409651331,3579279221
88547,SUZANE,2027-01-15,19:00,Rockhal,"5, avenue du Rock, L-4361 Esch-sur-Alzette",French Pop,buy-now,,https://rockhal.lu/shows/suzane/,https://apps.ticketmatic.com/widgets/rockhal/addtickets?event=11691,https://apps.ticketmatic.com/obj/filestore/prod/10491/events/11691/image.696a746cf3021.jpg,39.00 EUR,2026-02-17T13:34:07.137432+00:00,3480520401,3318335821
81751,ONE VISION OF QUEEN,2027-02-14,19:00,Rockhal,"5, avenue du Rock, L-4361 Esch-sur-Alzette",Rock,buy-now,,https://rockhal.lu/shows/one-vision-of-queen-2027/,https://apps.ticketmatic.com/widgets/rockhal/addtickets?event=11628,https://apps.ticketmatic.com/obj/filestore/prod/10491/events/11628/image.696a18fe89097.jpg,53.00 EUR,2026-02-17T13:34:07.137432+00:00,,
40363,Das Lumpenpack,2027-02-27,7:00 pm,den Atelier,"54 rue de Hollerich, 1740 Luxembourg",Pop; Rock,Buy Now,,https://www.atelier.lu/shows/das-lumpenpack-2/,https://apps.ticketmatic.com/widgets/atelier/flow/campaign?event=592202327457&ref=#!/addtickets,https://apps.ticketmatic.com/obj/filestore/prod/10328/events/14237/image.68c0448314921.320.jpg,48.80 EUR,2026-02-17T13:33:10.454565+00:00,3515466971,1951178967
84416,IBRAHIM MAALOUF,2027-03-30,19:00,Rockhal,"5, avenue du Rock, L-4361 Esch-sur-Alzette",Blues/Jazz,buy-now,,https://rockhal.lu/shows/ibrahim-maalouf/,https://apps.ticketmatic.com/widgets/rockhal/addtickets?event=11658,https://apps.ticketmatic.com/obj/filestore/prod/10491/events/11658/image.692d9bce86305.jpg,55.00 EUR,2026-02-17T13:34:07.137432+00:00,3810795232,142704136
91259,EROS RAMAZZOTTI,2027-04-01,18:30,Rockhal,"5, avenue du Rock, L-4361 Esch-sur-Alzette",Pop,buy-now,,https://rockhal.lu/shows/eros-ramazzotti-2027/,https://apps.ticketmatic.com/widgets/rockhal/addtickets?event=11724,https://apps.ticketmatic.com/obj/filestore/prod/10491/events/11724/image.698dd980d848f.jpg,92.00 EUR,2026-02-17T13:34:07.137432+00:00,604845,604840
41115,Jessé,2027-04-17,7:00 pm,Opderschmelz,"1a Rue du Centenaire, 3475 Dudelange",Comedy,Buy Now,,https://www.atelier.lu/shows/jesse-2/,https://apps.ticketmatic.com/widgets/atelier/flow/campaign?event=628722820338&ref=#!/addtickets,https://apps.ticketmatic.com/obj/filestore/prod/10328/events/14295/image.6937e59930267.320.jpg,41.10 EUR,2026-02-17T13:33:10.454565+00:00,954317022,105497772
41473,Ana Godefroy,2027-04-23,7:00 pm,Rockhal Club,"5 avenue du Rock'n'Roll, 4361 Esch/Alzette",Comedy,Buy Now,,https://www.atelier.lu/shows/ana-godefroy/,https://apps.ticketmatic.com/widgets/atelier/flow/campaign?event=819409373806&ref=#!/addtickets,https://apps.ticketmatic.com/obj/filestore/prod/10328/events/14313/image.6985b4ce0e5fb.320.jpg,45.50 EUR,2026-02-17T13:33:10.454565+00:00,1876217737,
41354,Cédric Salaun,2027-04-29,6:30 pm,den Atelier,"54 rue de Hollerich, 1740 Luxembourg",Comedy,Buy Now,,https://www.atelier.lu/shows/cedric-salaun/,https://apps.ticketmatic.com/widgets/atelier/flow/campaign?event=139657657268&ref=#!/addtickets,https://apps.ticketmatic.com/obj/filestore/prod/10328/events/14305/image.6968f29a8ce21.320.jpg,35.60 EUR,2026-02-17T13:33:10.454565+00:00,2539237531,2285247057
85587,RALF SCHMITZ,2027-12-02,19:00,Rockhal,"5, avenue du Rock, L-4361 Esch-sur-Alzette",Comedy,buy-now,,https://rockhal.lu/shows/ralf-schmitz-2027/,https://tidd.ly/44WGTOy,https://apps.ticketmatic.com/obj/filestore/prod/10491/events/11672/image.6937e5ac86d93.jpg,Price Unavailable,2026-02-17T13:34:07.137432+00:00,,
85253,GRAND CORPS MALADE,2027-12-09,19:00,Rockhal,"5, avenue du Rock, L-4361 Esch-sur-Alzette",French Pop,buy-now,,https://rockhal.lu/shows/grand-corps-malade-2027/,https://apps.ticketmatic.com/widgets/rockhal/addtickets?event=11671,https://apps.ticketmatic.com/obj/filestore/prod/10491/events/11671/image.6932a2673fe45.jpg,50.00 EUR,2026-02-17T13:34:07.137432+00:00,991348192,1073804642
